r,g_r
8.296541394999648600e-03,0.000000000000000000e+00
2.488962418499894580e-02,0.000000000000000000e+00
4.148270697499824300e-02,0.000000000000000000e+00
5.807578976499754020e-02,0.000000000000000000e+00
7.466887255499683740e-02,0.000000000000000000e+00
9.126195534499613460e-02,0.000000000000000000e+00
1.078550381349954318e-01,0.000000000000000000e+00
1.244481209249947290e-01,0.000000000000000000e+00
1.410412037149940123e-01,0.000000000000000000e+00
1.576342865049933373e-01,0.000000000000000000e+00
1.742273692949926067e-01,0.000000000000000000e+00
1.908204520849919317e-01,0.000000000000000000e+00
2.074135348749912011e-01,0.000000000000000000e+00
2.240066176649905261e-01,0.000000000000000000e+00
2.405997004549897955e-01,0.000000000000000000e+00
2.571927832449891205e-01,0.000000000000000000e+00
2.737858660349883899e-01,0.000000000000000000e+00
2.903789488249877149e-01,0.000000000000000000e+00
3.069720316149869843e-01,0.000000000000000000e+00
3.235651144049863093e-01,0.000000000000000000e+00
3.401581971949855787e-01,0.000000000000000000e+00
3.567512799849849037e-01,0.000000000000000000e+00
3.733443627749841731e-01,0.000000000000000000e+00
3.899374455649834981e-01,0.000000000000000000e+00
4.065305283549827675e-01,0.000000000000000000e+00
4.231236111449820925e-01,0.000000000000000000e+00
4.397166939349813619e-01,0.000000000000000000e+00
4.563097767249806869e-01,0.000000000000000000e+00
4.729028595149799563e-01,0.000000000000000000e+00
4.894959423049792813e-01,0.000000000000000000e+00
5.060890250949785507e-01,0.000000000000000000e+00
5.226821078849779312e-01,0.000000000000000000e+00
5.392751906749770896e-01,0.000000000000000000e+00
5.558682734649764701e-01,0.000000000000000000e+00
5.724613562549757395e-01,0.000000000000000000e+00
5.890544390449750090e-01,0.000000000000000000e+00
6.056475218349743894e-01,0.000000000000000000e+00
6.222406046249736589e-01,0.000000000000000000e+00
6.388336874149729283e-01,0.000000000000000000e+00
6.554267702049723088e-01,0.000000000000000000e+00
6.720198529949714672e-01,0.000000000000000000e+00
6.886129357849708477e-01,0.000000000000000000e+00
7.052060185749701171e-01,0.000000000000000000e+00
7.217991013649693866e-01,0.000000000000000000e+00
7.383921841549687670e-01,0.000000000000000000e+00
7.549852669449680365e-01,0.000000000000000000e+00
7.715783497349673059e-01,0.000000000000000000e+00
7.881714325249666864e-01,0.000000000000000000e+00
8.047645153149658448e-01,0.000000000000000000e+00
8.213575981049652253e-01,0.000000000000000000e+00
8.379506808949644947e-01,0.000000000000000000e+00
8.545437636849637641e-01,0.000000000000000000e+00
8.711368464749631446e-01,0.000000000000000000e+00
8.877299292649624141e-01,0.000000000000000000e+00
9.043230120549616835e-01,0.000000000000000000e+00
9.209160948449610640e-01,0.000000000000000000e+00
9.375091776349602224e-01,0.000000000000000000e+00
9.541022604249596029e-01,0.000000000000000000e+00
9.706953432149588723e-01,0.000000000000000000e+00
9.872884260049581417e-01,0.000000000000000000e+00
1.003881508794957522e+00,3.957647727048992259e+00
1.020474591584956681e+00,4.625177837376075907e+00
1.037067674374956061e+00,3.905899635326290031e+00
1.053660757164955442e+00,3.309392996106414131e+00
1.070253839954954600e+00,2.809042008151553915e+00
1.086846922744953980e+00,2.385019096833195018e+00
1.103440005534953361e+00,2.048055397036133929e+00
1.120033088324952519e+00,1.760397971078110801e+00
1.136626171114951678e+00,1.510227900008290325e+00
1.153219253904951280e+00,1.305051846960217921e+00
1.169812336694950439e+00,1.137395540791807935e+00
1.186405419484949597e+00,9.945870636719958968e-01
1.202998502274949200e+00,8.741904656828813902e-01
1.219591585064948358e+00,7.740742096405759387e-01
1.236184667854947516e+00,6.822376380428400999e-01
1.252777750644947119e+00,6.134134217355358132e-01
1.269370833434946277e+00,5.530699598786077420e-01
1.285963916224945436e+00,5.040306848708766552e-01
1.302556999014944816e+00,4.622874895102074277e-01
1.319150081804944197e+00,4.284234857545079489e-01
1.335743164594943355e+00,4.034204930084271390e-01
1.352336247384942736e+00,3.823880487146836260e-01
1.368929330174942116e+00,3.640681091047117124e-01
1.385522412964941275e+00,3.524815007915960696e-01
1.402115495754940433e+00,3.457112066203796297e-01
1.418708578544940035e+00,3.410078009684112121e-01
1.435301661334939194e+00,3.431982601932753729e-01
1.451894744124938352e+00,3.492384026128569907e-01
1.468487826914937955e+00,3.600980396486228585e-01
1.485080909704937113e+00,3.730184998465341240e-01
1.501673992494936272e+00,3.915196124220846063e-01
1.518267075284935874e+00,3.912482832030863555e-01
1.534860158074935033e+00,3.752161232199460739e-01
1.551453240864934191e+00,3.556094046029658062e-01
1.568046323654933571e+00,3.291549229493830886e-01
1.584639406444932952e+00,3.017441731039547381e-01
1.601232489234932110e+00,2.721782404363249919e-01
1.617825572024931491e+00,2.440817183784592670e-01
1.634418654814930871e+00,2.182888410137207302e-01
1.651011737604930030e+00,1.949512731185429892e-01
1.667604820394929188e+00,1.704139280014081714e-01
1.684197903184928791e+00,1.497741155417088299e-01
1.700790985974927949e+00,1.304989791333645843e-01
1.717384068764927108e+00,1.148144682102279213e-01
1.733977151554926710e+00,9.959974213215531946e-02
1.750570234344925868e+00,8.682069597783145798e-02
1.767163317134925027e+00,7.582147466548315451e-02
1.783756399924924629e+00,6.623972472062872319e-02
1.800349482714923788e+00,5.691908836666829258e-02
1.816942565504922946e+00,5.002540729626808735e-02
1.833535648294922327e+00,4.340767432512550317e-02
1.850128731084921707e+00,3.778381170959346780e-02
1.866721813874920866e+00,3.275247451822204531e-02
1.883314896664920246e+00,2.843979642125644275e-02
1.899907979454919627e+00,2.463479439148009292e-02
1.916501062244918785e+00,2.131369926729672140e-02
1.933094145034917943e+00,1.918974182169763329e-02
1.949687227824917546e+00,1.606167304500627155e-02
1.966280310614916704e+00,1.412275154092752436e-02
1.982873393404915863e+00,1.227253754985558644e-02
1.999466476194915465e+00,1.050375076041763257e-02
2.016059558984914624e+00,9.590689969890035804e-03
2.032652641774913782e+00,8.128777005277377718e-03
2.049245724564912940e+00,7.088078152196752857e-03
2.065838807354912543e+00,6.142639358632454548e-03
2.082431890144911701e+00,5.293429998892597646e-03
2.099024972934911304e+00,4.791004136710865467e-03
2.115618055724910462e+00,4.282079347313310323e-03
2.132211138514909621e+00,3.728758797468783269e-03
2.148804221304908779e+00,3.265785692503654462e-03
2.165397304094908382e+00,2.987868798311863958e-03
2.181990386884907540e+00,2.618129071455469001e-03
2.198583469674907143e+00,2.229370372668318997e-03
2.215176552464906301e+00,1.847961754216379416e-03
2.231769635254905459e+00,1.663068574119515352e-03
2.248362718044904618e+00,1.553070346522723638e-03
2.264955800834903776e+00,1.335735551692837034e-03
2.281548883624903379e+00,1.244533780453869858e-03
2.298141966414902537e+00,1.141410988262230768e-03
2.314735049204902140e+00,9.652889910479477186e-04
2.331328131994901298e+00,9.033204115245695122e-04
2.347921214784900457e+00,7.918380207540300086e-04
2.364514297574899615e+00,7.848516604177812640e-04
2.381107380364899218e+00,6.729093175798994079e-04
2.397700463154898376e+00,5.611065343165113012e-04
2.414293545944897978e+00,5.250472349423282361e-04
2.430886628734897137e+00,4.255140485340214119e-04
2.447479711524896295e+00,4.516331727494532012e-04
2.464072794314895454e+00,3.964619296198827248e-04
2.480665877104895056e+00,3.311274481558770626e-04
2.497258959894894215e+00,2.359308646362570538e+00
2.513852042684893817e+00,6.604588506712897100e+00
2.530445125474892976e+00,6.005994332387767365e+00
2.547038208264892134e+00,5.451571446809872157e+00
2.563631291054891292e+00,4.980269639174490059e+00
2.580224373844890451e+00,4.535862574006796599e+00
2.596817456634890053e+00,4.148059207287057681e+00
2.613410539424889212e+00,3.786511900153990862e+00
2.630003622214888814e+00,3.473451460180932315e+00
2.646596705004887973e+00,3.184759900612041505e+00
2.663189787794887131e+00,2.924199522754964864e+00
2.679782870584886290e+00,2.693633099436558709e+00
2.696375953374885892e+00,2.482196868280606150e+00
2.712969036164885051e+00,2.291955778888533413e+00
2.729562118954884653e+00,2.119855760123712685e+00
2.746155201744883811e+00,1.963205822972966752e+00
2.762748284534882970e+00,1.828269821192764821e+00
2.779341367324882128e+00,1.698883144468628092e+00
2.795934450114881287e+00,1.589871021615210767e+00
2.812527532904880889e+00,1.486721929059939384e+00
2.829120615694880048e+00,1.391860962928024970e+00
2.845713698484879650e+00,1.311981662754058808e+00
2.862306781274878809e+00,1.237512664542876228e+00
2.878899864064877967e+00,1.174538895854084108e+00
2.895492946854877125e+00,1.115364262109463933e+00
2.912086029644876728e+00,1.060994067541635832e+00
2.928679112434875886e+00,1.015812294531513116e+00
2.945272195224875489e+00,9.765304005561507017e-01
2.961865278014874647e+00,9.383745486120769197e-01
2.978458360804873806e+00,9.034709198258225049e-01
2.995051443594872964e+00,8.721638682141489296e-01
3.011644526384872567e+00,8.488858511531335305e-01
3.028237609174871725e+00,8.225007460522599789e-01
3.044830691964871328e+00,8.009560718498456300e-01
3.061423774754870486e+00,7.821282099303048518e-01
3.078016857544869644e+00,7.639041912088854192e-01
3.094609940334868803e+00,7.495305186542611242e-01
3.111203023124867961e+00,7.348657876959135971e-01
3.127796105914867564e+00,7.253074923801805518e-01
3.144389188704866722e+00,7.167778277080437688e-01
3.160982271494866325e+00,7.144332223227455314e-01
3.177575354284865483e+00,7.110982353534740508e-01
3.194168437074864642e+00,7.107240335713324031e-01
3.210761519864863800e+00,7.133668356955958911e-01
3.227354602654863402e+00,7.201071039797830586e-01
3.243947685444862561e+00,7.300858450712488512e-01
3.260540768234862163e+00,7.426440167573539197e-01
3.277133851024861322e+00,7.620561089236381758e-01
3.293726933814860480e+00,7.895311592476303986e-01
3.310320016604859639e+00,8.198064576956610727e-01
3.326913099394858797e+00,8.593926214621058213e-01
3.343506182184858400e+00,9.086140693950476299e-01
3.360099264974857558e+00,9.655594796591733253e-01
3.376692347764857161e+00,1.029274084284917734e+00
3.393285430554856319e+00,1.092014908664186379e+00
3.409878513344855477e+00,1.161264849232690688e+00
3.426471596134854636e+00,1.229167329009027698e+00
3.443064678924854238e+00,1.302086059860707135e+00
3.459657761714853397e+00,1.377148593447681924e+00
3.476250844504852999e+00,1.455340391553673118e+00
3.492843927294852158e+00,1.550300340801648025e+00
3.509437010084851316e+00,1.670842816535281106e+00
3.526030092874850475e+00,1.755338726285045503e+00
3.542623175664850077e+00,1.797107663764370589e+00
3.559216258454849235e+00,1.806764072392025300e+00
3.575809341244848838e+00,1.791494242380797131e+00
3.592402424034847996e+00,1.752456563340945683e+00
3.608995506824847155e+00,1.705752754328543785e+00
3.625588589614846313e+00,1.644134632019353726e+00
3.642181672404845472e+00,1.584302116626468804e+00
3.658774755194845074e+00,1.514021672938545171e+00
3.675367837984844233e+00,1.443849734913021932e+00
3.691960920774843835e+00,1.378388415952044532e+00
3.708554003564842994e+00,1.311214099303587233e+00
3.725147086354842152e+00,1.244218984286048046e+00
3.741740169144841310e+00,1.182325159575474238e+00
3.758333251934840913e+00,1.122771299517355326e+00
3.774926334724840071e+00,1.066197250850471123e+00
3.791519417514839674e+00,1.008758771760881467e+00
3.808112500304838832e+00,9.609637598953255644e-01
3.824705583094837991e+00,9.149984359495265673e-01
3.841298665884837149e+00,8.724169161085423285e-01
3.857891748674836307e+00,8.299581031265980124e-01
3.874484831464835910e+00,7.916494193345409158e-01
3.891077914254835068e+00,7.566446164582534273e-01
3.907670997044834671e+00,7.254292848876272570e-01
3.924264079834833829e+00,6.936699485486151895e-01
3.940857162624832988e+00,6.659144678128535721e-01
3.957450245414832146e+00,6.416290223869233200e-01
3.974043328204831749e+00,6.187431701850888421e-01
3.990636410994830907e+00,5.971115463546036173e-01
4.007229493784830510e+00,5.758775469315348117e-01
4.023822576574829668e+00,5.588661574016579037e-01
4.040415659364828826e+00,5.415176152334975068e-01
4.057008742154827985e+00,5.260840411002009054e-01
4.073601824944827143e+00,5.126407815469039564e-01
4.090194907734826302e+00,4.990214720797491732e-01
4.106787990524826348e+00,4.878934585294065207e-01
4.123381073314825507e+00,4.792414211458778106e-01
4.139974156104824665e+00,4.697834439950304142e-01
4.156567238894823824e+00,4.610556433218698791e-01
4.173160321684822982e+00,4.553537969050581169e-01
4.189753404474823029e+00,4.504514765425953748e-01
4.206346487264822187e+00,4.487782149554755962e-01
4.222939570054821345e+00,4.470420586025063980e-01
4.239532652844820504e+00,4.480096906978181526e-01
4.256125735634819662e+00,4.492747597265998039e-01
4.272718818424818821e+00,4.538614898722869162e-01
4.289311901214817979e+00,4.601141945171805525e-01
4.305904984004817138e+00,4.686871796388979439e-01
4.322498066794817184e+00,4.795779670291303032e-01
4.339091149584816343e+00,4.936028848834979055e-01
4.355684232374815501e+00,5.122006472218842976e-01
4.372277315164814659e+00,5.319197625150022812e-01
4.388870397954813818e+00,5.524032320819037833e-01
4.405463480744813864e+00,5.769663656417440833e-01
4.422056563534813023e+00,5.999860190784990222e-01
4.438649646324812181e+00,6.246316151827300267e-01
4.455242729114811340e+00,6.473083456779544775e-01
4.471835811904810498e+00,6.678574644292711859e-01
4.488428894694809657e+00,6.846517339583311212e-01
4.505021977484808815e+00,7.024327975394381030e-01
4.521615060274807973e+00,7.157181787739750334e-01
4.538208143064808020e+00,7.259418791875155152e-01
4.554801225854807178e+00,7.357645469424730633e-01
4.571394308644806337e+00,7.411709017177831038e-01
4.587987391434805495e+00,7.445576992672503502e-01
4.604580474224804654e+00,7.461714133918774250e-01
4.621173557014804700e+00,7.476864922950111625e-01
4.637766639804803859e+00,7.507920506506439162e-01
4.654359722594803017e+00,7.483420259355815229e-01
4.670952805384802176e+00,7.509701621840663144e-01
4.687545888174801334e+00,7.522795004985430856e-01
4.704138970964800492e+00,7.552553377981969795e-01
4.720732053754799651e+00,7.587336932790218480e-01
4.737325136544799697e+00,7.652231207486079878e-01
4.753918219334798856e+00,7.754173705654209270e-01
4.770511302124798014e+00,7.854308731114577613e-01
4.787104384914797173e+00,8.000933145031802196e-01
4.803697467704796331e+00,8.167922719402092024e-01
4.820290550494795490e+00,8.350263457591079463e-01
4.836883633284795536e+00,8.555526787409019063e-01
4.853476716074794695e+00,8.762555559036216968e-01
4.870069798864793853e+00,8.991981199753991127e-01
4.886662881654793011e+00,9.231200274995635668e-01
4.903255964444792170e+00,9.461465031619683552e-01
4.919849047234791328e+00,9.747691783701117885e-01
4.936442130024790487e+00,1.004697703492197780e+00
4.953035212814790533e+00,1.040742676808431133e+00
4.969628295604789692e+00,1.082306838263958682e+00
4.986221378394788850e+00,1.131856313962966931e+00
5.002814461184788009e+00,1.206762504544777181e+00
5.019407543974787167e+00,1.289256182668344852e+00
5.036000626764787214e+00,1.353675729303833286e+00
5.052593709554786372e+00,1.398552742452470188e+00
5.069186792344785530e+00,1.431813090391744758e+00
5.085779875134784689e+00,1.449910192919363849e+00
5.102372957924783847e+00,1.458980309207463799e+00
5.118966040714783006e+00,1.456900366320380780e+00
5.135559123504782164e+00,1.450070343795666794e+00
5.152152206294781323e+00,1.439797155848018040e+00
5.168745289084781369e+00,1.424591470954866823e+00
5.185338371874780528e+00,1.405277704273791395e+00
5.201931454664779686e+00,1.384415166548303100e+00
5.218524537454778844e+00,1.362192229240498431e+00
5.235117620244778003e+00,1.338332554436471922e+00
5.251710703034778049e+00,1.313237208456754068e+00
5.268303785824777208e+00,1.288706738418515574e+00
5.284896868614776366e+00,1.266862553458042218e+00
5.301489951404775525e+00,1.245065204446889728e+00
5.318083034194774683e+00,1.222445351412787096e+00
5.334676116984773842e+00,1.201366578344788660e+00
5.351269199774773000e+00,1.183421555582040430e+00
5.367862282564772158e+00,1.166895429298431930e+00
5.384455365354772205e+00,1.153207074116126662e+00
5.401048448144771363e+00,1.139925770753015932e+00
5.417641530934770522e+00,1.127359128060016591e+00
5.434234613724769680e+00,1.118001825156205165e+00
5.450827696514768839e+00,1.108898078768425943e+00
5.467420779304768885e+00,1.100448070873622841e+00
5.484013862094768044e+00,1.092476358944182824e+00
5.500606944884767202e+00,1.083860160948794116e+00
5.517200027674766361e+00,1.076746019122947873e+00
5.533793110464765519e+00,1.071980497892798034e+00
5.550386193254764677e+00,1.064590564134581419e+00
5.566979276044763836e+00,1.057510033584982523e+00
5.583572358834762994e+00,1.053749847173979015e+00
5.600165441624763041e+00,1.045836170349877525e+00
5.616758524414762199e+00,1.039815053239297571e+00
5.633351607204761358e+00,1.035658971220670743e+00
5.649944689994760516e+00,1.030091999032233252e+00
5.666537772784759674e+00,1.027759258780130969e+00
5.683130855574759721e+00,1.023048457468049177e+00
5.699723938364758880e+00,1.020536893759252051e+00
5.716317021154758038e+00,1.020343199460237438e+00
5.732910103944757196e+00,1.019200727052858912e+00
5.749503186734756355e+00,1.020945126303624217e+00
5.766096269524755513e+00,1.025506920355482299e+00
5.782689352314754672e+00,1.029914516697791216e+00
5.799282435104754718e+00,1.036564896497474075e+00
5.815875517894753877e+00,1.045284839477244931e+00
5.832468600684753035e+00,1.058396979820894535e+00
5.849061683474752193e+00,1.069890511225956464e+00
5.865654766264751352e+00,1.086594945664371092e+00
5.882247849054750510e+00,1.103293636107111286e+00
5.898840931844750557e+00,1.123438668165185339e+00
5.915434014634749715e+00,1.144538134363714210e+00
5.932027097424748874e+00,1.166025010978404719e+00
5.948620180214748032e+00,1.188363159191053287e+00
5.965213263004747191e+00,1.211517708312299213e+00
5.981806345794746349e+00,1.233641335750698120e+00
5.998399428584745507e+00,1.254652994620827799e+00
6.014992511374745554e+00,1.273593593138202973e+00
6.031585594164744712e+00,1.290349082038602768e+00
6.048178676954743871e+00,1.303826915403705211e+00
6.064771759744743029e+00,1.314387302607736396e+00
6.081364842534742188e+00,1.318874673410834975e+00
6.097957925324742234e+00,1.319977240837556076e+00
6.114551008114741393e+00,1.315769408036559618e+00
6.131144090904740551e+00,1.309435798089830350e+00
6.147737173694739710e+00,1.296476080513006668e+00
6.164330256484738868e+00,1.282776742974546469e+00
6.180923339274738026e+00,1.263849360366585906e+00
6.197516422064737185e+00,1.245886200405959654e+00
6.214109504854736343e+00,1.224119221039492444e+00
6.230702587644736390e+00,1.202767109201770879e+00
6.247295670434735548e+00,1.179044302499941521e+00
6.263888753224734707e+00,1.153425646155426643e+00
6.280481836014733865e+00,1.129931102179489555e+00
6.297074918804733024e+00,1.104675646586506188e+00
6.313668001594733070e+00,1.080538604532168545e+00
6.330261084384732229e+00,1.054973646445801716e+00
6.346854167174731387e+00,1.030429135237578064e+00
6.363447249964730545e+00,1.009657245841691697e+00
6.380040332754729704e+00,9.858822608976193225e-01
6.396633415544728862e+00,9.640490262353563766e-01
6.413226498334728021e+00,9.432200714193043067e-01
6.429819581124727179e+00,9.241551794638187545e-01
6.446412663914727226e+00,9.073970864219671473e-01
6.463005746704726384e+00,8.882678701069059990e-01
6.479598829494725543e+00,8.722665781881029368e-01
6.496191912284724701e+00,8.557095969540818858e-01
6.512784995074723859e+00,8.437120383422517245e-01
6.529378077864723906e+00,8.308653267394938702e-01
6.545971160654723064e+00,8.169063607319390075e-01
6.562564243444722223e+00,8.057943219440921734e-01
6.579157326234721381e+00,7.965509901821653527e-01
6.595750409024720540e+00,7.879245770659254466e-01
6.612343491814719698e+00,7.800305733128490848e-01
6.628936574604718857e+00,7.713438779392598477e-01
6.645529657394718015e+00,7.643664232951552506e-01
6.662122740184718062e+00,7.586221880734265177e-01
6.678715822974717220e+00,7.557089512315137148e-01
6.695308905764716378e+00,7.512697710377926885e-01
6.711901988554715537e+00,7.502782309471716093e-01
6.728495071344714695e+00,7.472307858064410890e-01
6.745088154134714742e+00,7.487287491965268771e-01
6.761681236924713900e+00,7.499803977715634451e-01
6.778274319714713059e+00,7.507915519521722869e-01
6.794867402504712217e+00,7.555507307544636619e-01
6.811460485294711376e+00,7.572058858476455878e-01
6.828053568084710534e+00,7.622867517718585617e-01
6.844646650874709692e+00,7.675020069554082669e-01
6.861239733664709739e+00,7.749903346561595185e-01
6.877832816454708897e+00,7.813430904551909029e-01
6.894425899244708056e+00,7.898191413194337596e-01
6.911018982034707214e+00,7.973960859030280179e-01
6.927612064824706373e+00,8.060980501979225776e-01
6.944205147614705531e+00,8.159549385539262012e-01
6.960798230404705578e+00,8.237893240931931649e-01
6.977391313194704736e+00,8.305719737273375980e-01
6.993984395984703895e+00,8.415659676394280364e-01
7.010577478774703053e+00,8.484133011443073524e-01
7.027170561564702211e+00,8.573111793707774986e-01
7.043763644354701370e+00,8.634196979283634832e-01
7.060356727144700528e+00,8.706902151757602848e-01
7.076949809934700575e+00,8.761082196307505843e-01
7.093542892724699733e+00,8.815199380604226143e-01
7.110135975514698892e+00,8.857967626453882026e-01
7.126729058304698050e+00,8.905128088636919959e-01
7.143322141094697209e+00,8.942094118158553373e-01
7.159915223884697255e+00,8.962685767500454537e-01
7.176508306674696414e+00,8.991882027720067283e-01
7.193101389464695572e+00,9.021775378870245943e-01
7.209694472254694730e+00,9.033419188753145646e-01
7.226287555044693889e+00,9.049921218648954158e-01
7.242880637834693047e+00,9.090373799340104588e-01
7.259473720624692206e+00,9.115922513784775472e-01
7.276066803414691364e+00,9.143580038624150585e-01
7.292659886204691411e+00,9.162471637029709903e-01
7.309252968994690569e+00,9.196871972767720615e-01
7.325846051784689728e+00,9.234563305634593267e-01
7.342439134574688886e+00,9.290186439536188834e-01
7.359032217364688044e+00,9.335747183954919981e-01
7.375625300154688091e+00,9.375461147504110526e-01
7.392218382944687249e+00,9.424956384316779401e-01
7.408811465734686408e+00,9.491480959261774375e-01
7.425404548524685566e+00,9.537045033603821498e-01
7.441997631314684725e+00,9.595569261730905186e-01
7.458590714104683883e+00,9.652287643468703271e-01
7.475183796894683042e+00,9.746101829594066013e-01
7.491776879684682200e+00,9.814102210606842069e-01
7.508369962474682247e+00,9.885223604934267883e-01
7.524963045264681405e+00,9.964216013885517365e-01
7.541556128054680563e+00,1.004735651965411813e+00
7.558149210844679722e+00,1.012331601923767588e+00
7.574742293634678880e+00,1.018726852991051812e+00
7.591335376424678927e+00,1.026271482757447728e+00
7.607928459214678085e+00,1.031400342299140904e+00
7.624521542004677244e+00,1.036780867144614149e+00
7.641114624794676402e+00,1.041415166590999641e+00
7.657707707584675560e+00,1.045894747318694362e+00
7.674300790374674719e+00,1.046439160284500902e+00
7.690893873164673877e+00,1.050261814389349402e+00
7.707486955954673036e+00,1.050742291135648543e+00
7.724080038744673082e+00,1.053105152765490216e+00
7.740673121534672241e+00,1.053281395175981627e+00
7.757266204324671399e+00,1.052374017206077372e+00
7.773859287114670558e+00,1.053509435377067760e+00
7.790452369904669716e+00,1.054505940237201234e+00
7.807045452694669763e+00,1.055346232254473771e+00
7.823638535484668921e+00,1.055247540682555218e+00
7.840231618274668079e+00,1.054790981286881646e+00
7.856824701064667238e+00,1.055202852365702659e+00
7.873417783854666396e+00,1.055909226929444333e+00
7.890010866644665555e+00,1.055757056280802075e+00
7.906603949434664713e+00,1.058021927240537785e+00
7.923197032224664760e+00,1.056961929378869680e+00
7.939790115014663918e+00,1.057927792777502374e+00
7.956383197804663077e+00,1.060510027339752748e+00
7.972976280594662235e+00,1.061874042828450326e+00
7.989569363384661393e+00,1.062021506119191327e+00
8.006162446174661440e+00,1.063419378688189365e+00
8.022755528964660598e+00,1.064980426653507672e+00
8.039348611754659757e+00,1.066203699308667208e+00
8.055941694544658915e+00,1.067285141438669482e+00
8.072534777334658074e+00,1.067432110210239982e+00
8.089127860124657232e+00,1.068849260510776444e+00
8.105720942914656391e+00,1.070230999753207346e+00
8.122314025704655549e+00,1.070537936419749370e+00
8.138907108494654707e+00,1.070237242849719772e+00
8.155500191284653866e+00,1.072584660417887248e+00
8.172093274074654801e+00,1.073896714967637722e+00
8.188686356864653959e+00,1.074628004660151515e+00
8.205279439654653117e+00,1.074710370355852929e+00
8.221872522444652276e+00,1.073732492703817432e+00
8.238465605234651434e+00,1.075970861856714089e+00
8.255058688024650593e+00,1.075442766781589121e+00
8.271651770814649751e+00,1.078782739038694816e+00
8.288244853604648910e+00,1.077988069372938007e+00
8.304837936394648068e+00,1.079611074944005322e+00
8.321431019184647226e+00,1.081942957809155281e+00
8.338024101974646385e+00,1.084153261087533515e+00
8.354617184764645543e+00,1.087083072573114872e+00
8.371210267554644702e+00,1.088085226803382044e+00
8.387803350344643860e+00,1.091954816785231985e+00
8.404396433134644795e+00,1.095399679349823963e+00
8.420989515924643953e+00,1.097805349695440746e+00
8.437582598714643112e+00,1.102804425411576084e+00
8.454175681504642270e+00,1.104833060684367041e+00
8.470768764294641429e+00,1.110012280264517148e+00
8.487361847084640587e+00,1.112714680526896593e+00
8.503954929874639745e+00,1.115653381824559087e+00
8.520548012664638904e+00,1.118849616955279513e+00
8.537141095454638062e+00,1.123982312991637533e+00
8.553734178244637221e+00,1.124826297559573751e+00
8.570327261034636379e+00,1.126920483239885806e+00
8.586920343824635538e+00,1.127964167467687462e+00
8.603513426614636472e+00,1.128556706421006472e+00
8.620106509404635631e+00,1.128111314325598968e+00
8.636699592194634789e+00,1.126192094546710987e+00
8.653292674984633948e+00,1.125625205812867069e+00
8.669885757774633106e+00,1.120343579194785111e+00
8.686478840564632264e+00,1.118924176640188506e+00
8.703071923354631423e+00,1.112980609498088969e+00
8.719665006144630581e+00,1.108515347689447594e+00
8.736258088934629740e+00,1.103636395520864788e+00
8.752851171724628898e+00,1.097182883740604797e+00
8.769444254514628057e+00,1.088929387440130681e+00
8.786037337304627215e+00,1.082439152521135428e+00
8.802630420094626373e+00,1.074489563886265708e+00
8.819223502884625532e+00,1.067520446800855671e+00
8.835816585674626467e+00,1.058838343272243909e+00
8.852409668464625625e+00,1.048145876401108234e+00
8.869002751254624783e+00,1.041163397754324205e+00
8.885595834044623942e+00,1.033209899913963836e+00
8.902188916834623100e+00,1.024341315023574506e+00
8.918781999624622259e+00,1.016540429115462496e+00
8.935375082414621417e+00,1.007598033954867800e+00
8.951968165204620576e+00,9.991071766939282339e-01
8.968561247994619734e+00,9.911316867716867263e-01
8.985154330784618892e+00,9.835727751292044907e-01
9.001747413574618051e+00,9.770526239659729217e-01
9.018340496364617209e+00,9.692378255670208720e-01
9.034933579154618144e+00,9.621719479697706801e-01
9.051526661944617302e+00,9.574537304921495462e-01
9.068119744734616461e+00,9.500509494273693401e-01
9.084712827524615619e+00,9.444150952301103574e-01
9.101305910314614778e+00,9.385260620014106436e-01
9.117898993104613936e+00,9.334707410952949314e-01
9.134492075894613095e+00,9.297289983669521085e-01
9.151085158684612253e+00,9.250924961081939957e-01
9.167678241474611411e+00,9.215700911275150897e-01
9.184271324264610570e+00,9.174718942856977533e-01
9.200864407054609728e+00,9.155876817540733459e-01
9.217457489844608887e+00,9.123372172120660650e-01
9.234050572634608045e+00,9.097152635600391779e-01
9.250643655424608980e+00,9.085482939611664310e-01
9.267236738214608138e+00,9.071619055701777290e-01
9.283829821004607297e+00,9.070104292183677197e-01
9.300422903794606455e+00,9.062056320496924000e-01
9.317015986584605614e+00,9.054349032167184896e-01
9.333609069374604772e+00,9.069261057302839824e-01
9.350202152164603930e+00,9.057418051926222624e-01
9.366795234954603089e+00,9.090915011891224085e-01
9.383388317744602247e+00,9.100643444715947883e-01
9.399981400534601406e+00,9.119061638796087665e-01
9.416574483324600564e+00,9.134751328249497426e-01
9.433167566114599722e+00,9.162791675763224397e-01
9.449760648904600657e+00,9.176890004038144033e-01
9.466353731694599816e+00,9.195923847110177851e-01
9.482946814484598974e+00,9.231445199239268762e-01
9.499539897274598133e+00,9.243264509339981227e-01
9.516132980064597291e+00,9.288632147942151862e-01
9.532726062854596449e+00,9.296445617598720901e-01
9.549319145644595608e+00,9.331071070966456826e-01
9.565912228434594766e+00,9.353992903049336283e-01
9.582505311224593925e+00,9.386705549208790300e-01
9.599098394014593083e+00,9.404659214351268615e-01
9.615691476804592241e+00,9.414317813828856352e-01
9.632284559594591400e+00,9.426575156209483497e-01
9.648877642384590558e+00,9.448427986973777504e-01
9.665470725174589717e+00,9.457493063481940965e-01
9.682063807964590652e+00,9.465888157658073343e-01
9.698656890754589810e+00,9.472215600161472127e-01
9.715249973544588968e+00,9.468546015637765434e-01
9.731843056334588127e+00,9.475344053988744575e-01
9.748436139124587285e+00,9.484837506141771124e-01
9.765029221914586444e+00,9.475110747965318492e-01
9.781622304704585602e+00,9.481911435542194067e-01
9.798215387494584760e+00,9.498310942372706345e-01
9.814808470284583919e+00,9.485741805790633974e-01
9.831401553074583077e+00,9.498813121073620414e-01
9.847994635864582236e+00,9.503990281727021650e-01
9.864587718654581394e+00,9.504503397237750173e-01
9.881180801444582329e+00,9.514200074213094993e-01
9.897773884234581487e+00,9.527907868776148703e-01
9.914366967024580646e+00,9.535783838064342266e-01
9.930960049814579804e+00,9.533993884272036201e-01
9.947553132604578963e+00,9.540599902798506671e-01
9.964146215394578121e+00,9.543265607060659184e-01
9.980739298184577279e+00,9.560523107957037414e-01
9.997332380974576438e+00,9.564475714147485652e-01
1.001392546376457560e+01,9.587791247872251565e-01
1.003051854655457475e+01,9.593879557880314879e-01
1.004711162934457391e+01,9.614660561243189019e-01
1.006370471213457307e+01,9.626398010264956007e-01
1.008029779492457223e+01,9.638884863681836945e-01
1.009689087771457316e+01,9.647058784378306218e-01
1.011348396050457232e+01,9.673428562917257834e-01
1.013007704329457148e+01,9.696898939235871762e-01
1.014667012608457064e+01,9.713602995421266595e-01
1.016326320887456980e+01,9.729071772955185660e-01
1.017985629166456896e+01,9.737560046751371212e-01
1.019644937445456812e+01,9.758664822501507130e-01
1.021304245724456727e+01,9.793860354521832789e-01
1.022963554003456643e+01,9.817111835971539247e-01
1.024622862282456559e+01,9.833096009737548604e-01
1.026282170561456475e+01,9.859028316187837815e-01
1.027941478840456391e+01,9.882344810317670314e-01
1.029600787119456484e+01,9.891931605471279143e-01
1.031260095398456400e+01,9.912533901888630483e-01
1.032919403677456316e+01,9.946962123438521930e-01
1.034578711956456232e+01,9.959823321752172554e-01
1.036238020235456148e+01,9.985486230464263313e-01
1.037897328514456063e+01,1.000701225829537355e+00
1.039556636793455979e+01,1.003533388362233936e+00
1.041215945072455895e+01,1.007050627322573222e+00
1.042875253351455811e+01,1.007521805542983095e+00
1.044534561630455727e+01,1.010491445591551241e+00
1.046193869909455643e+01,1.013996745493914720e+00
1.047853178188455558e+01,1.015366660148237621e+00
1.049512486467455474e+01,1.017203774488963708e+00
1.051171794746455390e+01,1.020033260508873774e+00
1.052831103025455484e+01,1.023179712848926393e+00
1.054490411304455399e+01,1.024223301518297102e+00
1.056149719583455315e+01,1.026885996272501878e+00
1.057809027862455231e+01,1.027732916520136541e+00
1.059468336141455147e+01,1.030423889762518197e+00
1.061127644420455063e+01,1.033140851484725564e+00
1.062786952699454979e+01,1.033770798075827724e+00
1.064446260978454895e+01,1.036958359357085468e+00
1.066105569257454810e+01,1.038964419717902654e+00
1.067764877536454726e+01,1.040030654954301692e+00
1.069424185815454642e+01,1.041749778905611601e+00
1.071083494094454558e+01,1.041879275823210049e+00
1.072742802373454651e+01,1.042675774168501990e+00
1.074402110652454567e+01,1.045178529252425603e+00
1.076061418931454483e+01,1.045935755737915196e+00
1.077720727210454399e+01,1.048099270990642484e+00
1.079380035489454315e+01,1.047994093687460326e+00
1.081039343768454231e+01,1.051412956573686941e+00
1.082698652047454146e+01,1.051299276663757221e+00
1.084357960326454062e+01,1.052177571288736013e+00
1.086017268605453978e+01,1.054152856380591308e+00
1.087676576884453894e+01,1.053984237669699286e+00
1.089335885163453810e+01,1.055196079946303822e+00
1.090995193442453726e+01,1.055804390107466739e+00
1.092654501721453641e+01,1.057489925636509565e+00
1.094313810000453557e+01,1.058263115755472938e+00
1.095973118279453651e+01,1.058224951518287993e+00
1.097632426558453567e+01,1.060293377887487232e+00
1.099291734837453482e+01,1.060872798028403396e+00
1.100951043116453398e+01,1.060723410574717640e+00
1.102610351395453314e+01,1.061213679233986351e+00
1.104269659674453230e+01,1.062606120642159535e+00
1.105928967953453146e+01,1.062715527746332267e+00
1.107588276232453062e+01,1.061551024148767564e+00
1.109247584511452978e+01,1.061996286160201475e+00
1.110906892790452893e+01,1.062452085125644041e+00
1.112566201069452809e+01,1.061034928844006853e+00
1.114225509348452725e+01,1.061815112993580890e+00
1.115884817627452819e+01,1.061864437745135614e+00
1.117544125906452734e+01,1.060399415659058819e+00
1.119203434185452650e+01,1.059245296680780157e+00
1.120862742464452566e+01,1.058037595872848069e+00
1.122522050743452482e+01,1.055569297672843243e+00
1.124181359022452398e+01,1.055269955414253946e+00
1.125840667301452314e+01,1.054398021673894181e+00
1.127499975580452229e+01,1.050667303758655358e+00
1.129159283859452145e+01,1.048623399408703527e+00
1.130818592138452061e+01,1.046012152516142102e+00
1.132477900417451977e+01,1.044431178858357345e+00
1.134137208696451893e+01,1.041413453360113817e+00
1.135796516975451809e+01,1.037629254828636327e+00
1.137455825254451902e+01,1.035991647538770488e+00
1.139115133533451818e+01,1.033569755008798774e+00
1.140774441812451734e+01,1.030969413187412753e+00
1.142433750091451650e+01,1.027906756159378654e+00
1.144093058370451566e+01,1.025200441505075499e+00
1.145752366649451481e+01,1.021057202855585322e+00
1.147411674928451397e+01,1.018693863206122874e+00
1.149070983207451313e+01,1.014836158294297297e+00
1.150730291486451229e+01,1.012881647549805475e+00
1.152389599765451145e+01,1.010717753778218597e+00
1.154048908044451061e+01,1.007705080697602229e+00
1.155708216323450976e+01,1.004503336198468766e+00
1.157367524602451070e+01,1.001245932947028017e+00
1.159026832881450986e+01,9.982367188390423030e-01
1.160686141160450902e+01,9.956199553146212189e-01
1.162345449439450817e+01,9.942033094015830796e-01
1.164004757718450733e+01,9.912286198820519090e-01
1.165664065997450649e+01,9.897245313370671704e-01
1.167323374276450565e+01,9.858264314082424429e-01
1.168982682555450481e+01,9.844233444393090116e-01
1.170641990834450397e+01,9.827031368383242205e-01
1.172301299113450312e+01,9.800849792484090939e-01
1.173960607392450228e+01,9.780806267641831697e-01
1.175619915671450144e+01,9.775774002142758601e-01
1.177279223950450060e+01,9.763859073236598185e-01
1.178938532229449976e+01,9.739553876548686651e-01
1.180597840508450069e+01,9.734179914981692106e-01
1.182257148787449985e+01,9.722224853224665786e-01
1.183916457066449901e+01,9.712767337770209508e-01
1.185575765345449817e+01,9.703444641064151721e-01
1.187235073624449733e+01,9.692331479599383126e-01
1.188894381903449649e+01,9.688252245170657639e-01
1.190553690182449564e+01,9.699916830919160793e-01
1.192212998461449480e+01,9.688514741551751408e-01
1.193872306740449396e+01,9.680148448751926260e-01
1.195531615019449312e+01,9.689335617256574773e-01
1.197190923298449228e+01,9.683687857698953794e-01
1.198850231577449144e+01,9.678072649862087262e-01
1.200509539856449237e+01,9.690519001118110820e-01
1.202168848135449153e+01,9.694408285157212202e-01
1.203828156414449069e+01,9.683744363502211350e-01
1.205487464693448985e+01,9.690411135072862781e-01
1.207146772972448900e+01,9.683086321669894803e-01
1.208806081251448816e+01,9.694433659328314246e-01
1.210465389530448732e+01,9.706152017844564828e-01
1.212124697809448648e+01,9.691479010173313924e-01
1.213784006088448564e+01,9.702771122243617485e-01
1.215443314367448480e+01,9.713834941839621928e-01
1.217102622646448395e+01,9.710509715555949439e-01
1.218761930925448311e+01,9.718726025686552639e-01
1.220421239204448227e+01,9.713605595357288625e-01
1.222080547483448321e+01,9.702906151161133641e-01
1.223739855762448236e+01,9.717043780660461483e-01
1.225399164041448152e+01,9.721226164227741995e-01
1.227058472320448068e+01,9.718284312534920533e-01
1.228717780599447984e+01,9.704048922455539294e-01
1.230377088878447900e+01,9.701305761423845153e-01
1.232036397157447816e+01,9.708087819370144755e-01
1.233695705436447732e+01,9.703628630784811859e-01
1.235355013715447647e+01,9.715194311081193357e-01
1.237014321994447563e+01,9.708166138494394026e-01
1.238673630273447479e+01,9.701784460880985561e-01
1.240332938552447395e+01,9.702682859219383671e-01
1.241992246831447488e+01,9.697204664345748792e-01
1.243651555110447404e+01,9.708935512523134692e-01
1.245310863389447320e+01,9.704885948924317773e-01
1.246970171668447236e+01,9.698944165058764888e-01
1.248629479947447152e+01,9.691039195275884532e-01
1.250288788226447068e+01,9.691122797543303413e-01
1.251948096505446983e+01,9.708213755972585624e-01
1.253607404784446899e+01,9.705181552843274995e-01
1.255266713063446815e+01,9.699424066681059386e-01
1.256926021342446731e+01,9.710398786707548080e-01
1.258585329621446647e+01,9.711769673112123913e-01
1.260244637900446563e+01,9.715403466812514433e-01
1.261903946179446478e+01,9.731491890592121052e-01
1.263563254458446394e+01,9.733078472702743067e-01
1.265222562737446488e+01,9.718499684619291701e-01
1.266881871016446404e+01,9.732346240873711585e-01
1.268541179295446319e+01,9.733158038317464289e-01
1.270200487574446235e+01,9.739199723045376400e-01
1.271859795853446151e+01,9.755761056983435209e-01
1.273519104132446067e+01,9.765271854759495218e-01
1.275178412411445983e+01,9.774235682202360165e-01
1.276837720690445899e+01,9.785130001653732368e-01
1.278497028969445815e+01,9.800152372322500360e-01
1.280156337248445730e+01,9.802255203472053369e-01
1.281815645527445646e+01,9.819442250825043406e-01
1.283474953806445562e+01,9.831190997680432364e-01
1.285134262085445656e+01,9.857618158170328160e-01
1.286793570364445571e+01,9.863818112025767304e-01
1.288452878643445487e+01,9.877397872363944398e-01
1.290112186922445403e+01,9.895226681098714394e-01
1.291771495201445319e+01,9.909463915073746243e-01
1.293430803480445235e+01,9.919752287182209693e-01
1.295090111759445151e+01,9.917198703353866662e-01
1.296749420038445066e+01,9.941881874001600172e-01
1.298408728317444982e+01,9.954976576042862124e-01
1.300068036596444898e+01,9.981046183641403280e-01
1.301727344875444814e+01,9.978063937965804264e-01
1.303386653154444730e+01,9.999727402757880856e-01
1.305045961433444646e+01,1.001872486924372918e+00
1.306705269712444561e+01,1.002499052047300943e+00
1.308364577991444655e+01,1.003842790608546975e+00
1.310023886270444571e+01,1.005182351041535638e+00
1.311683194549444487e+01,1.006737574292135395e+00
1.313342502828444402e+01,1.007699461578434486e+00
1.315001811107444318e+01,1.009439606006695689e+00
1.316661119386444234e+01,1.010301699072418957e+00
1.318320427665444150e+01,1.011803161638981763e+00
1.319979735944444066e+01,1.012398393771874794e+00
1.321639044223443982e+01,1.013257361549327884e+00
1.323298352502443898e+01,1.014010719473487310e+00
1.324957660781443813e+01,1.014638709349882095e+00
1.326616969060443729e+01,1.015900872142350364e+00
1.328276277339443823e+01,1.015688172459443983e+00
1.329935585618443739e+01,1.017677635657772361e+00
1.331594893897443654e+01,1.017761531202735492e+00
1.333254202176443570e+01,1.018169240351886939e+00
1.334913510455443486e+01,1.019097069947202838e+00
1.336572818734443402e+01,1.019122492111805611e+00
1.338232127013443318e+01,1.020060984218495115e+00
1.339891435292443234e+01,1.020689114638902550e+00
1.341550743571443149e+01,1.021787128459769045e+00
1.343210051850443065e+01,1.021436897563112067e+00
1.344869360129442981e+01,1.022038886691235993e+00
1.346528668408442897e+01,1.023237869674797462e+00
1.348187976687442813e+01,1.023243434094218252e+00
1.349847284966442906e+01,1.023458087234528247e+00
1.351506593245442822e+01,1.022915116455149320e+00
1.353165901524442738e+01,1.022800898587137075e+00
1.354825209803442654e+01,1.023294747198975063e+00
1.356484518082442570e+01,1.023740040239572657e+00
1.358143826361442486e+01,1.025138249299742066e+00
1.359803134640442401e+01,1.025068859378600150e+00
1.361462442919442317e+01,1.024624230785045942e+00
1.363121751198442233e+01,1.024631518412924436e+00
1.364781059477442149e+01,1.024774765659470122e+00
1.366440367756442065e+01,1.024473615951867700e+00
1.368099676035441981e+01,1.024806465482494433e+00
1.369758984314442074e+01,1.024992413803134328e+00
1.371418292593441990e+01,1.025261469947702508e+00
1.373077600872441906e+01,1.024658626065435785e+00
1.374736909151441822e+01,1.023682258029761760e+00
1.376396217430441737e+01,1.024147902736418869e+00
1.378055525709441653e+01,1.023370247144356204e+00
1.379714833988441569e+01,1.023717056598924202e+00
1.381374142267441485e+01,1.023386174147266514e+00
1.383033450546441401e+01,1.022495157567452795e+00
1.384692758825441317e+01,1.022696029118838723e+00
1.386352067104441232e+01,1.021611446059670358e+00
1.388011375383441148e+01,1.022215703243544382e+00
1.389670683662441064e+01,1.020210679591806890e+00
1.391329991941440980e+01,1.019182503971262976e+00
1.392989300220441073e+01,1.018850075357438545e+00
1.394648608499440989e+01,1.018048952463326273e+00
1.396307916778440905e+01,1.017716724279701612e+00
1.397967225057440821e+01,1.017200306109242058e+00
1.399626533336440737e+01,1.016406886543945953e+00
1.401285841615440653e+01,1.015497626002306308e+00
1.402945149894440569e+01,1.013907198512427721e+00
1.404604458173440484e+01,1.012242314316944780e+00
1.406263766452440400e+01,1.013025017475055689e+00
1.407923074731440316e+01,1.011803265744500191e+00
1.409582383010440232e+01,1.010181510145471417e+00
1.411241691289440148e+01,1.010180859374509188e+00
1.412900999568440241e+01,1.009281600576044324e+00
1.414560307847440157e+01,1.008665475232700448e+00
1.416219616126440073e+01,1.007728090454522940e+00
1.417878924405439989e+01,1.006304643225187645e+00
1.419538232684439905e+01,1.004943341315859939e+00
1.421197540963439820e+01,1.005155740186497670e+00
1.422856849242439736e+01,1.004719071032783573e+00
1.424516157521439652e+01,1.002119757302813774e+00
1.426175465800439568e+01,1.002088910661105725e+00
1.427834774079439484e+01,1.001199464740702094e+00
1.429494082358439400e+01,1.000899473511595250e+00
1.431153390637439315e+01,9.986218072379466903e-01
1.432812698916439231e+01,9.995489855333860030e-01
1.434472007195439325e+01,9.988687796750593817e-01
1.436131315474439241e+01,9.986990295473221479e-01
1.437790623753439156e+01,9.964214862986801036e-01
1.439449932032439072e+01,9.955917779436118664e-01
1.441109240311438988e+01,9.944862571732344669e-01
1.442768548590438904e+01,9.951376701295963079e-01
1.444427856869438820e+01,9.939430053368248918e-01
1.446087165148438736e+01,9.938565141512986090e-01
1.447746473427438652e+01,9.927038812835282666e-01
1.449405781706438567e+01,9.932647949684356714e-01
1.451065089985438483e+01,9.924572184424130805e-01
1.452724398264438399e+01,9.918690500134148547e-01
1.454383706543438493e+01,9.913119737494270334e-01
1.456043014822438408e+01,9.906563393909733062e-01
1.457702323101438324e+01,9.908305207788135061e-01
1.459361631380438240e+01,9.910413668279619559e-01
1.461020939659438156e+01,9.909417026551475827e-01
1.462680247938438072e+01,9.901648982796610321e-01
1.464339556217437988e+01,9.907222761061086347e-01
1.465998864496437903e+01,9.897699311799028621e-01
1.467658172775437819e+01,9.913650095699440001e-01
1.469317481054437735e+01,9.912158496539968944e-01
1.470976789333437651e+01,9.905129767465143953e-01
1.472636097612437567e+01,9.904546342955765637e-01
1.474295405891437483e+01,9.909684853293433404e-01
1.475954714170437398e+01,9.895367531143886008e-01
1.477614022449437492e+01,9.897048116572859655e-01
1.479273330728437408e+01,9.902803868538999632e-01
1.480932639007437324e+01,9.903239774443124421e-01
1.482591947286437239e+01,9.887548238723123939e-01
1.484251255565437155e+01,9.890241240386590249e-01
1.485910563844437071e+01,9.901356774733889310e-01
1.487569872123436987e+01,9.877916516484359644e-01
1.489229180402436903e+01,9.895485523380010973e-01
1.490888488681436819e+01,9.896352918839286250e-01
1.492547796960436735e+01,9.900737877402606690e-01
1.494207105239436650e+01,9.889621002584630949e-01
1.495866413518436566e+01,9.882853991916317193e-01
1.497525721797436660e+01,9.900153154964302926e-01
1.499185030076436576e+01,9.885432389016063359e-01
1.500844338355436491e+01,9.888327688664363402e-01
1.502503646634436407e+01,9.885551626548859661e-01
1.504162954913436323e+01,9.880170319163257275e-01
1.505822263192436239e+01,9.890371012644242343e-01
1.507481571471436155e+01,9.870479214040691618e-01
1.509140879750436071e+01,9.878800060209599332e-01
1.510800188029435986e+01,9.867956909731369075e-01
1.512459496308435902e+01,9.873671925072766697e-01
1.514118804587435818e+01,9.877235650983069437e-01
1.515778112866435734e+01,9.880392389201625436e-01
1.517437421145435650e+01,9.862348389177167940e-01
1.519096729424435566e+01,9.870305377934283086e-01
1.520756037703435659e+01,9.872814736894949261e-01
1.522415345982435575e+01,9.865475755624173448e-01
1.524074654261435491e+01,9.866769474379127880e-01
1.525733962540435407e+01,9.870601596368971942e-01
1.527393270819435322e+01,9.874746295578149535e-01
1.529052579098435238e+01,9.886117702817117658e-01
1.530711887377435154e+01,9.875814001536832309e-01
1.532371195656435070e+01,9.879710174960369962e-01
1.534030503935434986e+01,9.881328261724554585e-01
1.535689812214434902e+01,9.899803817626781077e-01
1.537349120493434818e+01,9.890044346864952374e-01
1.539008428772434733e+01,9.903124569850226822e-01
1.540667737051434827e+01,9.900179737714830397e-01
1.542327045330434743e+01,9.901984076386302069e-01
1.543986353609434659e+01,9.912452144122606557e-01
1.545645661888434574e+01,9.912273327833347469e-01
1.547304970167434490e+01,9.910974171185144010e-01
1.548964278446434406e+01,9.920281626030643674e-01
1.550623586725434322e+01,9.929747918884253011e-01
1.552282895004434238e+01,9.929052699090135103e-01
1.553942203283434154e+01,9.936986266584519889e-01
1.555601511562434069e+01,9.945759069357305027e-01
1.557260819841433985e+01,9.945839139089317493e-01
1.558920128120433901e+01,9.959948389904498267e-01
1.560579436399433817e+01,9.951702014475891644e-01
1.562238744678433910e+01,9.969455627870411618e-01
1.563898052957433826e+01,9.972054262985131645e-01
1.565557361236433742e+01,9.975832777639724869e-01
1.567216669515433658e+01,9.976738940347839035e-01
1.568875977794433574e+01,9.976960175056446278e-01
1.570535286073433490e+01,9.989617122892131551e-01
1.572194594352433406e+01,1.000042625212335334e+00
1.573853902631433321e+01,9.992129433410047445e-01
1.575513210910433237e+01,1.000685449218463363e+00
1.577172519189433153e+01,1.000852816906297793e+00
1.578831827468433069e+01,1.002234006872517513e+00
1.580491135747432985e+01,1.000679180546381719e+00
1.582150444026433078e+01,1.001453016963067766e+00
1.583809752305432994e+01,1.002678129039892285e+00
1.585469060584432910e+01,1.001654978045854794e+00
1.587128368863432826e+01,1.003356955242878712e+00
1.588787677142432742e+01,1.003987106147311348e+00
1.590446985421432657e+01,1.003768337917198883e+00
1.592106293700432573e+01,1.003711811377294039e+00
1.593765601979432489e+01,1.003916280772356062e+00
1.595424910258432405e+01,1.004311436586764916e+00
1.597084218537432321e+01,1.005683830924052335e+00
1.598743526816432237e+01,1.004518684945051143e+00
1.600402835095432152e+01,1.005297457219228585e+00
1.602062143374432424e+01,1.005660638709017007e+00
1.603721451653431984e+01,1.005287869978367166e+00
1.605380759932432255e+01,1.005877506557673495e+00
1.607040068211431816e+01,1.006755148740377637e+00
1.608699376490432087e+01,1.006597995068641227e+00
1.610358684769431648e+01,1.005928563347066929e+00
1.612017993048431919e+01,1.005973261792496576e+00
1.613677301327431479e+01,1.006928683003785574e+00
1.615336609606431750e+01,1.006629278876272959e+00
1.616995917885431311e+01,1.007532939526876170e+00
1.618655226164431582e+01,1.008081607852898465e+00
1.620314534443431143e+01,1.009247087595494641e+00
1.621973842722431414e+01,1.007803838582377542e+00
1.623633151001430974e+01,1.006389355609617287e+00
1.625292459280431245e+01,1.008286129804842890e+00
1.626951767559430806e+01,1.007921823475096401e+00
1.628611075838431077e+01,1.007118651323595238e+00
1.630270384117430638e+01,1.007540875519252754e+00
1.631929692396430909e+01,1.007591467529853180e+00
1.633589000675430469e+01,1.007432341054489644e+00
1.635248308954430740e+01,1.008476209485412500e+00
1.636907617233431012e+01,1.007161932826637907e+00
1.638566925512430572e+01,1.007231064083584871e+00
1.640226233791430843e+01,1.007366415915980307e+00
1.641885542070430404e+01,1.007934254074824176e+00
1.643544850349430675e+01,1.006819163977751508e+00
1.645204158628430235e+01,1.006715155238760095e+00
1.646863466907430507e+01,1.006152194479346340e+00
1.648522775186430067e+01,1.007227905568942372e+00
1.650182083465430338e+01,1.004433570529362774e+00
1.651841391744429899e+01,1.006478427410970600e+00
1.653500700023430170e+01,1.006049210491898549e+00
1.655160008302429731e+01,1.005108443849309419e+00
1.656819316581430002e+01,1.004410310315819066e+00
1.658478624860429562e+01,1.004119583660636250e+00
