chain,temperature,mean_energy,mean_energy_per_particle,energy_fluctuation,heat_capacity_over_k,heat_capacity_per_particle,acceptance_rate,unfavorable_accepted,energy_discrepancy,max_displacement,production_steps,accepted_moves,tracked_energy,recalculated_energy
0,0.25,351.75493999999998,1.4070197599999998,39.708645596416318,635.33832954266109,2.5413533181706445,0.27058858000000002,302787,0,0.32000000000000006,50000000,13529429,345,345
0,0.23999999999999999,345.5668,1.3822672,36.90857775999757,640.77391944440228,2.5630956777776093,0.32767239999999997,264327,0,0.25600000000000006,50000000,16383620,340,340
0,0.23000000000000001,338.40737999999999,1.3536295199999999,35.683661535615101,674.54936740293192,2.6981974696117277,0.313531,221831,0,0.25600000000000006,50000000,15676550,353,353
0,0.22,330.49349333333333,1.3219739733333333,39.070690996624762,807.24568174844558,3.2289827269937823,0.30018766000000002,550618,0,0.25600000000000006,150000000,45028149,323,323
0,0.20999999999999999,322.27453333333335,1.2890981333333333,38.808751448872499,880.01703965697288,3.5200681586278915,0.28641142666666669,445684,0,0.25600000000000006,150000000,42961714,320,320
0,0.20499999999999999,318.26751333333334,1.2730700533333335,49.086749949812656,1168.0368816136267,4.6721475264545074,0.28020859999999997,399100,0,0.25600000000000006,150000000,42031290,329,329
0,0.20300000000000001,315.91162666666668,1.2636465066666667,50.025603487272747,1213.948493952116,4.8557939758084636,0.27656938666666664,381320,0,0.25600000000000006,150000000,41485408,317,317
0,0.20100000000000001,313.6524,1.2546096,42.494440906666568,1051.8165616362605,4.2072662465450419,0.27323306666666669,363595,0,0.25600000000000006,150000000,40984960,307,307
0,0.19900000000000001,309.81984999999997,1.2392793999999998,62.524482644177624,1578.8612066406813,6.3154448265627252,0.26882007666666669,694347,0,0.25600000000000006,300000000,80646023,320,320
0,0.19700000000000001,308.72246000000001,1.2348898400000001,55.718798215064453,1435.7184729074299,5.7428738916297197,0.26623238999999999,661442,0,0.25600000000000006,300000000,79869717,302,302
0,0.19500000000000001,301.36554333333333,1.2054621733333333,96.664941404786077,2542.1417857931906,10.168567143172762,0.25925708666666669,632993,0,0.25600000000000006,300000000,77777126,300,300
0,0.193,282.91066333333333,1.1316426533333332,157.24728229331959,4221.5168808107483,16.886067523242993,0.31338882000000001,639584,0,0.20480000000000007,300000000,94016646,267,267
0,0.191,287.9205,1.1516820000000001,257.82280641666148,7067.3174095189679,28.269269638075873,0.31753568999999998,599631,0,0.20480000000000007,300000000,95260707,270,270
0,0.189,264.14900666666665,1.0565960266666665,23.548590346632409,659.23659322618084,2.6369463729047236,0.29645004333333336,582367,0,0.20480000000000007,300000000,88935013,264,264
0,0.187,265.93007333333333,1.0637202933333334,44.048630261298968,1259.6479813920605,5.0385919255682419,0.29641969333333335,549821,0,0.20480000000000007,300000000,88925908,268,268
0,0.185,270.67191666666668,1.0826876666666667,45.066711326391669,1316.7775405812029,5.2671101623248111,0.29783340000000003,520949,0,0.20480000000000007,300000000,89350020,260,260
0,0.183,261.30079000000001,1.04520316,17.40822870923148,519.81930512202462,2.0792772204880983,0.29324736000000001,490622,0,0.20480000000000007,300000000,87974208,274,274
0,0.18099999999999999,259.45136000000002,1.0378054400000001,13.434814150401508,410.08559416383832,1.6403423766553533,0.28984332000000002,462977,0,0.20480000000000007,300000000,86952996,255,255
0,0.17899999999999999,258.87791666666669,1.0355116666666668,12.240672326370259,382.03153229831338,1.5281261291932535,0.28934467000000003,434032,0,0.20480000000000007,300000000,86803401,258,258
0,0.17699999999999999,258.12568666666664,1.0325027466666665,9.5240161951660411,304.00000622956503,1.2160000249182601,0.28934518333333331,407431,0,0.20480000000000007,300000000,86803555,255,255
0,0.17499999999999999,257.72667000000001,1.03090668,10.588860711082816,345.75871709658179,1.3830348683863272,0.28737850333333331,383901,0,0.20480000000000007,300000000,86213551,257,257
0,0.16500000000000001,254.84934666666666,1.0193973866666666,6.0073169064926333,220.65443182709396,0.88261772730837584,0.28207592666666664,136108,0,0.20480000000000007,150000000,42311389,255,255
0,0.155,253.02995333333334,1.0121198133333333,3.7652427978246124,156.72186463369874,0.62688745853479499,0.27871202,93141,0,0.20480000000000007,150000000,41806803,256,256
0,0.14999999999999999,252.13429333333335,1.0085371733333335,2.8135786339480546,125.04793928658022,0.50019175714632091,0.27627030000000002,74652,0,0.20480000000000007,150000000,41440545,252,252
1,0.25,351.94074000000001,1.4077629600000001,39.561468252388295,632.98349203821272,2.5319339681528508,0.27026600000000001,302700,0,0.32000000000000006,50000000,13513300,358,358
1,0.23999999999999999,345.62849999999997,1.3825139999999998,37.170247750007547,645.31680121540887,2.5812672048616356,0.32673624000000001,264869,0,0.25600000000000006,50000000,16336812,341,341
1,0.23000000000000001,338.52600000000001,1.354104,38.554323999996996,728.81519848765583,2.9152607939506234,0.31419133999999999,222045,0,0.25600000000000006,50000000,15709567,336,336
1,0.22,331.16133333333335,1.3246453333333335,35.866291555546923,741.03908172617616,2.9641563269047047,0.30072352000000002,549505,0,0.25600000000000006,150000000,45108528,329,329
1,0.20999999999999999,322.29862000000003,1.2891944800000001,42.265872762262006,958.40981320322021,3.8336392528128806,0.28655875333333336,446112,0,0.25600000000000006,150000000,42983813,317,317
1,0.20499999999999999,318.18178,1.2727271200000001,41.870696031604894,996.3282815372969,3.9853131261491876,0.27970112000000003,399034,0,0.25600000000000006,150000000,41955168,319,319
1,0.20300000000000001,315.78617333333335,1.2631446933333335,47.321024823279004,1148.317717568468,4.593270870273872,0.27617211333333336,381159,0,0.25600000000000006,150000000,41425817,322,322
1,0.20100000000000001,312.79766000000001,1.2511906400000001,46.859131857738248,1159.8507922511383,4.6394031690045532,0.27221037999999997,365438,0,0.25600000000000006,150000000,40831557,309,309
1,0.19900000000000001,312.45166999999998,1.2498066799999998,43.843317544451565,1107.1265257051984,4.4285061028207942,0.27043582999999999,692209,0,0.25600000000000006,300000000,81130749,306,306
1,0.19700000000000001,308.28040666666669,1.2331216266666667,54.201552101265406,1396.6232601011468,5.5864930404045872,0.33756159000000002,676947,0,0.20480000000000007,300000000,101268477,311,311
1,0.19500000000000001,303.98239333333333,1.2159295733333333,73.380350005289074,1929.7922420851826,7.7191689683407301,0.33254556000000002,647150,0,0.20480000000000007,300000000,99763668,314,314
1,0.193,302.53609333333333,1.2101443733333332,65.806043937947834,1766.6526333041913,7.0666105332167657,0.33079392000000002,615450,0,0.20480000000000007,300000000,99238176,306,306
1,0.191,293.28012999999999,1.1731205199999999,140.4487371831201,3849.9146729289246,15.399658691715699,0.32039192999999999,593171,0,0.20480000000000007,300000000,96117579,287,287
1,0.189,283.18451333333331,1.1327380533333333,143.56617482982983,4019.0973049419058,16.076389219767623,0.31058894333333331,570639,0,0.20480000000000007,300000000,93176683,293,293
1,0.187,272.43680666666666,1.0897472266666666,135.25556660263101,3867.8705883105322,15.471482353242129,0.30366844999999998,547846,0,0.20480000000000007,300000000,91100535,272,272
1,0.185,266.18830666666668,1.0647532266666666,35.738440599277965,1044.2203243032277,4.176881297212911,0.29474185000000003,525306,0,0.20480000000000007,300000000,88422555,261,261
1,0.183,261.96267333333333,1.0478506933333334,28.751486719964305,858.53524201870187,3.4341409680748076,0.29300028333333333,489318,0,0.20480000000000007,300000000,87900085,257,257
1,0.18099999999999999,259.25374666666664,1.0370149866666665,11.815119295832119,360.64586843600989,1.4425834737440395,0.29022848000000001,462309,0,0.20480000000000007,300000000,87068544,259,259
1,0.17899999999999999,258.83491333333336,1.0353396533333334,11.306233059134684,352.86767139398529,1.4114706855759411,0.28955920666666668,435209,0,0.20480000000000007,300000000,86867762,260,260
1,0.17699999999999999,258.25109333333336,1.0330043733333334,10.931925471275463,348.93949603483878,1.395757984139355,0.28861987333333333,409183,0,0.20480000000000007,300000000,86585962,262,262
1,0.17499999999999999,257.70899666666668,1.0308359866666668,9.6669137266435428,315.65432576795246,1.2626173030718097,0.28752720666666665,382742,0,0.20480000000000007,300000000,86258162,254,254
1,0.16500000000000001,254.64303333333334,1.0185721333333333,5.7545947988837725,211.37170978452789,0.84548683913811162,0.28105972666666668,136613,0,0.20480000000000007,150000000,42158959,251,251
1,0.155,252.90938666666668,1.0116375466666667,3.8311358904829831,159.46455319388068,0.63785821277552268,0.27779769333333332,92415,0,0.20480000000000007,150000000,41669654,256,256
1,0.14999999999999999,252.33627333333334,1.0093450933333334,3.1935135786188766,141.93393682750565,0.56773574731002263,0.27613655333333331,74900,0,0.20480000000000007,150000000,41420483,251,251
2,0.25,352.09866,1.40839464,41.018246204403113,656.2919392704498,2.6251677570817993,0.27054758000000001,302483,0,0.32000000000000006,50000000,13527379,357,357
2,0.23999999999999999,345.46789999999999,1.3818716,37.467169590017875,650.47169427114363,2.6018867770845744,0.32720236000000003,264660,0,0.25600000000000006,50000000,16360118,346,346
2,0.23000000000000001,338.15197999999998,1.3526079199999999,39.592362079609302,748.43784649544989,2.9937513859817995,0.31330348000000002,222822,0,0.25600000000000006,50000000,15665174,339,339
2,0.22,331.02384666666666,1.3240953866666667,37.930144669822766,783.68067499633821,3.1347226999853528,0.30075746666666664,553338,0,0.25600000000000006,150000000,45113620,340,340
2,0.20999999999999999,322.07664,1.2883065600000001,42.135619643740938,955.45622774922776,3.8218249109969111,0.28597815999999998,446810,0,0.25600000000000006,150000000,42896724,340,340
2,0.20499999999999999,318.97719999999998,1.2759087999999998,37.409120160024031,890.16347793037562,3.5606539117215026,0.28022162666666667,397749,0,0.25600000000000006,150000000,42033244,310,310
2,0.20300000000000001,315.09505333333334,1.2603802133333333,54.25337819714332,1316.5419737713441,5.2661678950853767,0.27518408666666666,380647,0,0.25600000000000006,150000000,41277613,299,299
2,0.20100000000000001,313.11869333333334,1.2524747733333335,44.850885225954698,1110.1429475991854,4.4405717903967412,0.27262824666666668,364448,0,0.25600000000000006,150000000,40894237,316,316
2,0.19900000000000001,310.31840333333332,1.2412736133333333,52.918575984003837,1336.2939315674814,5.3451757262699253,0.26901417666666666,694738,0,0.25600000000000006,300000000,80704253,303,303
2,0.19700000000000001,301.9307,1.2077228,115.85113084332261,2985.1614533567626,11.94064581342705,0.26176200666666666,669342,0,0.25600000000000006,300000000,78528602,305,305
2,0.19500000000000001,303.65357999999998,1.2146143199999999,68.680106516942033,1806.1829458761874,7.2247317835047493,0.26119463666666665,633381,0,0.25600000000000006,300000000,78358391,307,307
2,0.193,304.47124666666667,1.2178849866666668,48.436819912472856,1300.3522218709993,5.2014088874839972,0.33151519666666668,612206,0,0.20480000000000007,300000000,99454559,306,306
2,0.191,301.22818999999998,1.20491276,62.592792657233076,1715.7641692177592,6.8630566768710368,0.32725045666666669,585341,0,0.20480000000000007,300000000,98175137,294,294
2,0.189,279.38671666666664,1.1175468666666666,89.306340219729464,2500.1075059413079,10.000430023765231,0.30946698666666667,580861,0,0.20480000000000007,300000000,92840096,293,293
2,0.187,285.14909333333333,1.1405963733333333,74.461057844629977,2129.3447866576103,8.5173791466304412,0.31392998,546140,0,0.20480000000000007,300000000,94178994,271,271
2,0.185,261.92799666666667,1.0477119866666667,19.547618853306631,571.1502952025312,2.284601180810125,0.29518213666666665,534586,0,0.20480000000000007,300000000,88554641,261,261
2,0.183,260.25959,1.0410383599999999,16.128243031897,481.59822723571921,1.9263929089428768,0.29344901000000001,504108,0,0.20480000000000007,300000000,88034703,254,254
2,0.18099999999999999,260.86918333333335,1.0434767333333335,17.852910333036561,544.94399844438703,2.179775993777548,0.29327031666666664,474820,0,0.20480000000000007,300000000,87981095,258,258
2,0.17899999999999999,259.97949333333332,1.0399179733333332,18.046739476631046,563.23895872884884,2.2529558349153955,0.29251149333333332,445916,0,0.20480000000000007,300000000,87753448,253,253
2,0.17699999999999999,257.64998333333335,1.0305999333333333,10.323284999700263,329.51211336781461,1.3180484534712584,0.29000689000000002,419163,0,0.20480000000000007,300000000,87002067,259,259
2,0.17499999999999999,257.55273999999997,1.0302109599999998,11.987958492420148,391.44354260963752,1.5657741704385502,0.29003716000000002,393814,0,0.20480000000000007,300000000,87011148,257,257
2,0.16500000000000001,254.66635333333332,1.0186654133333333,5.2842865684942808,194.09684365451901,0.77638737461807605,0.28624699999999997,140063,0,0.20480000000000007,150000000,42937050,256,256
2,0.155,253.06764666666666,1.0122705866666666,3.3975372618297115,141.41674346845832,0.56566697387383325,0.28353857333333332,95489,0,0.20480000000000007,150000000,42530786,252,252
2,0.14999999999999999,252.36896666666667,1.0094758666666666,2.4479369322289131,108.79719698795169,0.43518878795180677,0.28294235333333334,76786,0,0.20480000000000007,150000000,42441353,251,251
3,0.25,351.75567999999998,1.4070227199999998,38.970147737622028,623.52236380195245,2.4940894552078099,0.26981186000000001,302722,0,0.32000000000000006,50000000,13490593,351,351
3,0.23999999999999999,344.89337999999998,1.3795735199999999,34.20169217561488,593.77937804886949,2.375117512195478,0.25798149999999997,256332,0,0.32000000000000006,50000000,12899075,336,336
3,0.23000000000000001,338.86009999999999,1.3554404,34.51728799000557,652.50071814755324,2.6100028725902131,0.31431436000000001,222765,0,0.25600000000000006,50000000,15715718,335,335
3,0.22,330.84231999999997,1.3233692799999999,38.473830350951175,794.913850226264,3.1796554009050562,0.30035190666666667,550683,0,0.25600000000000006,150000000,45052786,341,341
3,0.20999999999999999,322.42684666666668,1.2897073866666666,47.944048589808517,1087.1666346895356,4.3486665387581427,0.28666185999999999,447152,0,0.25600000000000006,150000000,42999279,327,327
3,0.20499999999999999,317.71264666666667,1.2708505866666666,44.603754728494096,1061.3623968707698,4.2454495874830789,0.27854814666666666,399920,0,0.25600000000000006,150000000,41782222,315,315
3,0.20300000000000001,316.32012666666668,1.2652805066666668,43.168898917283514,1047.5599727555511,4.1902398910222045,0.27685974000000002,381044,0,0.25600000000000006,150000000,41528961,317,317
3,0.20100000000000001,309.93422666666669,1.2397369066666668,85.557020535270567,2117.6956148429631,8.4707824593718524,0.27028425333333334,367289,0,0.25600000000000006,150000000,40542638,315,315
3,0.19900000000000001,310.95197666666667,1.2438079066666667,45.831410426122602,1157.3296236489634,4.6293184945958537,0.34112800666666665,707988,0,0.20480000000000007,300000000,102338402,313,313
3,0.19700000000000001,310.53611999999998,1.2421444799999999,46.689155345622567,1203.0496881038564,4.8121987524154255,0.33880829666666668,671050,0,0.20480000000000007,300000000,101642489,298,298
3,0.19500000000000001,306.94685666666669,1.2277874266666668,55.374359119450673,1456.2619097817401,5.8250476391269608,0.33384585666666666,640715,0,0.20480000000000007,300000000,100153757,306,306
3,0.193,302.07848666666666,1.2083139466666666,51.324013176490553,1377.8628466936173,5.5114513867744694,0.33022558000000002,618081,0,0.20480000000000007,300000000,99067674,294,294
3,0.191,281.47725333333335,1.1259090133333334,162.33842925580393,4449.9446083112834,17.799778433245134,0.30987165666666666,605938,0,0.20480000000000007,300000000,92961497,292,292
3,0.189,278.10721333333333,1.1124288533333333,183.42518530115194,5134.9398197461414,20.539759278984565,0.30490126000000001,576369,0,0.20480000000000007,300000000,91470378,286,286
3,0.187,270.77017333333333,1.0830806933333332,38.930533036618726,1113.2869981017109,4.4531479924068433,0.29762806333333336,553392,0,0.20480000000000007,300000000,89288419,272,272
3,0.185,262.06099333333333,1.0482439733333333,19.565066479961388,571.6600870697265,2.2866403482789059,0.29464414666666666,520284,0,0.20480000000000007,300000000,88393244,263,263
3,0.183,263.45492000000002,1.0538196800000001,29.032794460246805,866.93524620761468,3.4677409848304586,0.29171236333333334,493242,0,0.20480000000000007,300000000,87513709,279,279
3,0.18099999999999999,262.88973333333331,1.0515589333333333,20.103607928904239,613.64451417552084,2.4545780567020832,0.29002589333333334,467047,0,0.20480000000000007,300000000,87007768,260,260
3,0.17899999999999999,259.33330666666666,1.0373332266666666,12.635233332621283,394.34578610596679,1.5773831444238673,0.28942880666666665,435482,0,0.20480000000000007,300000000,86828642,255,255
3,0.17699999999999999,258.40158666666667,1.0336063466666667,11.273221482493682,359.83342853246779,1.4393337141298712,0.28853633000000001,409146,0,0.20480000000000007,300000000,86560899,257,257
3,0.17499999999999999,258.34210999999999,1.0333684400000001,15.069617414585082,492.06914006808438,1.9682765602723375,0.28776815666666666,383078,0,0.20480000000000007,300000000,86330447,255,255
3,0.16500000000000001,254.82218,1.01928872,6.0238800475999597,221.26281166574688,0.88505124666298751,0.28191755333333335,136022,0,0.20480000000000007,150000000,42287633,254,254
3,0.155,252.84233333333333,1.0113693333333333,3.5671678888902534,148.47733148346526,0.59390932593386103,0.27766678,92760,0,0.20480000000000007,150000000,41650017,252,252
3,0.14999999999999999,252.30428000000001,1.00921712,3.0587736815941753,135.94549695974112,0.54378198783896448,0.2769411,74787,0,0.20480000000000007,150000000,41541165,256,256
4,0.25,351.75313999999997,1.4070125599999999,39.540760140429484,632.65216224687174,2.5306086489874868,0.27025468000000002,303476,0,0.32000000000000006,50000000,13512734,360,360
4,0.23999999999999999,344.59390000000002,1.3783756,41.30234278998978,717.05456232621145,2.8682182493048458,0.32599899999999998,265087,0,0.25600000000000006,50000000,16299950,340,340
4,0.23000000000000001,338.92934000000002,1.3557173600000001,36.456947164377198,689.1672431829337,2.7566689727317346,0.31526063999999998,222528,0,0.25600000000000006,50000000,15763032,335,335
4,0.22,330.95902666666666,1.3238361066666666,38.005427852622233,785.23611265748423,3.1409444506299371,0.30085982666666666,550475,0,0.25600000000000006,150000000,45128974,333,333
4,0.20999999999999999,322.80500000000001,1.29122,40.334734999996726,914.61984126976722,3.658479365079069,0.28678316666666664,446004,0,0.25600000000000006,150000000,43017475,329,329
4,0.20499999999999999,318.82003333333336,1.2752801333333335,39.60684533220774,942.45913937436637,3.7698365574974657,0.27994854000000002,398045,0,0.25600000000000006,150000000,41992281,323,323
4,0.20300000000000001,315.55063333333334,1.2622025333333333,43.409556265556603,1053.3998948180397,4.2135995792721586,0.27644931333333334,381252,0,0.25600000000000006,150000000,41467397,318,318
4,0.20100000000000001,312.80025999999998,1.25120104,56.076177265742444,1387.9898335621008,5.5519593342484033,0.27228744666666665,363914,0,0.25600000000000006,150000000,40843117,303,303
4,0.19900000000000001,310.13305666666668,1.2405322266666667,74.25821925677883,1875.1602044589486,7.5006408178357944,0.26874362666666668,692436,0,0.25600000000000006,300000000,80623088,314,314
4,0.19700000000000001,308.05532333333332,1.2322212933333332,49.544215995454579,1276.6166609666464,5.1064666438665851,0.33706455333333335,676703,0,0.20480000000000007,300000000,101119366,309,309
4,0.19500000000000001,304.80723666666665,1.2192289466666666,65.438558964000549,1720.9351469822627,6.8837405879290507,0.33433820333333331,648295,0,0.20480000000000007,300000000,100301461,318,318
4,0.193,295.52557333333334,1.1821022933333334,152.54531933795079,4095.2862986375681,16.381145194550271,0.26569624666666669,609194,0,0.24576000000000006,300000000,79708874,277,277
4,0.191,289.67443333333335,1.1586977333333335,239.04631301220797,6552.6250106139632,26.210500042455852,0.33081582999999998,596395,0,0.19660800000000006,300000000,99244749,287,287
4,0.189,285.86375666666669,1.1434550266666668,142.76760108744202,3996.7414430570816,15.986965772228327,0.26915350333333332,562262,0,0.23592960000000007,300000000,80746051,275,275
4,0.187,271.54695666666669,1.0861878266666667,54.302708404778969,1552.8813636300429,6.2115254545201717,0.25365640666666667,537943,0,0.23592960000000007,300000000,76096922,276,276
4,0.185,267.90196666666668,1.0716078666666666,31.933102798881009,933.03441340777238,3.7321376536310895,0.24922326,507559,0,0.23592960000000007,300000000,74766978,264,264
4,0.183,265.98271,1.06393084,26.803551055898424,800.36880933734733,3.2014752373493893,0.31876308666666664,498935,0,0.18874368000000008,300000000,95628926,266,266
4,0.18099999999999999,264.43444333333332,1.0577377733333333,20.564488990130485,627.71249321237099,2.510849972849484,0.31687663999999999,471850,0,0.18874368000000008,300000000,95062992,264,264
4,0.17899999999999999,262.38196333333332,1.0495278533333332,18.850340678662178,588.3193620255978,2.353277448102391,0.3131022,444796,0,0.18874368000000008,300000000,93930660,257,257
4,0.17699999999999999,263.21280999999999,1.0528512399999999,25.346008570573758,809.02705386618663,3.2361082154647467,0.31268972666666667,419138,0,0.18874368000000008,300000000,93806918,261,261
4,0.17499999999999999,260.30893333333336,1.0412357333333335,15.614246862212894,509.85295876613537,2.0394118350645414,0.30884948000000001,393469,0,0.18874368000000008,300000000,92654844,262,262
4,0.16500000000000001,256.71475333333331,1.0268590133333333,9.8865743391797878,363.14322641615377,1.4525729056646151,0.30236752666666666,139797,0,0.18874368000000008,150000000,45355129,265,265
4,0.155,253.48430666666667,1.0139372266666666,5.0617403859578189,210.6863844311267,0.84274553772450678,0.29733885333333332,94846,0,0.18874368000000008,150000000,44600828,251,251
4,0.14999999999999999,252.11018666666666,1.0084407466666667,3.9690455651580123,176.40202511813388,0.70560810047253553,0.29418901333333336,76103,0,0.18874368000000008,150000000,44128352,253,253
5,0.25,351.89294000000001,1.4075717599999999,40.433318156399764,646.93309050239623,2.5877323620095849,0.27004676,303362,0,0.32000000000000006,50000000,13502338,350,350
5,0.23999999999999999,345.20060000000001,1.3808024000000001,39.975519639992854,694.0194381943204,2.7760777527772817,0.2583723,256410,0,0.32000000000000006,50000000,12918615,346,346
5,0.23000000000000001,338.12540000000001,1.3525016000000001,40.257194839985459,761.00557353469674,3.0440222941387871,0.31366366000000001,222695,0,0.25600000000000006,50000000,15683183,336,336
5,0.22,330.17195333333331,1.3206878133333333,41.463972051176825,856.69363742100882,3.4267745496840352,0.30035228666666669,550542,0,0.25600000000000006,150000000,45052843,321,321
5,0.20999999999999999,322.10667999999998,1.2884267199999999,42.206872710943571,957.07194355881131,3.8282877742352452,0.28673169333333332,447743,0,0.25600000000000006,150000000,43009754,326,326
5,0.20499999999999999,316.96776666666665,1.2678710666666666,47.40954101223906,1128.1270913084848,4.5125083652339386,0.27872699333333334,399897,0,0.25600000000000006,150000000,41809049,315,315
5,0.20300000000000001,317.05561333333333,1.2682224533333333,36.377827157150023,882.76413300856655,3.5310565320342664,0.27687517333333334,380184,0,0.25600000000000006,150000000,41531276,312,312
5,0.20100000000000001,314.89944666666668,1.2595977866666668,42.93018902715994,1062.6021392331857,4.2504085569327428,0.27407159333333331,363729,0,0.25600000000000006,150000000,41110739,310,310
5,0.19900000000000001,311.16199999999998,1.244648,53.339756000015768,1346.9295219821661,5.3877180879286639,0.26952758999999998,694738,0,0.25600000000000006,300000000,80858277,314,314
5,0.19700000000000001,308.63187666666664,1.2345275066666666,66.269315211466164,1707.5759543267325,6.8303038173069295,0.26625205333333335,662668,0,0.25600000000000006,300000000,79875616,302,302
5,0.19500000000000001,307.01887333333332,1.2280754933333333,51.534870463961852,1355.2891640752623,5.4211566563010489,0.33462044666666668,642366,0,0.20480000000000007,300000000,100386134,309,309
5,0.193,304.05446000000001,1.2162178400000001,56.445534108395805,1515.3570326289512,6.0614281305158046,0.27265842000000001,602577,0,0.24576000000000006,300000000,81797526,297,297
5,0.191,281.94637666666665,1.1277855066666667,155.9459878714697,4274.7180140749897,17.09887205629996,0.25244634666666665,587155,0,0.24576000000000006,300000000,75733904,293,293
5,0.189,281.58530666666667,1.1263412266666666,176.82115610595793,4950.0617593560628,19.800247037424253,0.25167834,556040,0,0.24576000000000006,300000000,75503502,271,271
5,0.187,270.17104999999998,1.0806841999999999,56.779091897522449,1623.697900927177,6.4947916037087081,0.31037508000000003,552697,0,0.19660800000000006,300000000,93112524,271,271
5,0.185,268.26999333333333,1.0730799733333334,69.219436933286488,2022.4817219367858,8.0899268877471435,0.31034770333333334,527587,0,0.19660800000000006,300000000,93104311,276,276
5,0.183,260.28239666666667,1.0411295866666668,19.041035455986275,568.57581462528822,2.2743032585011527,0.30742981000000003,504538,0,0.19660800000000006,300000000,92228943,256,256
5,0.18099999999999999,259.36208666666664,1.0374483466666666,12.435579912504181,379.58486958591561,1.5183394783436623,0.30633226333333335,477721,0,0.19660800000000006,300000000,91899679,256,256
5,0.17899999999999999,259.00182333333333,1.0360072933333333,15.336106675458723,478.64007601069636,1.9145603040427854,0.30576140666666668,449811,0,0.19660800000000006,300000000,91728422,258,258
5,0.17699999999999999,258.14780000000002,1.0325912000000002,11.329015159979463,361.61432410799785,1.4464572964319913,0.30473641000000001,422052,0,0.19660800000000006,300000000,91420923,259,259
5,0.17499999999999999,257.4803,1.0299212,10.471345243335236,341.9214773333955,1.367685909333582,0.30322055666666664,395178,0,0.19660800000000006,300000000,90966167,258,258
5,0.16500000000000001,254.78037333333333,1.0191214933333332,6.2579641272895969,229.86094131458572,0.91944376525834282,0.30025264666666668,140276,0,0.19660800000000006,150000000,45037897,254,254
5,0.155,252.95309333333333,1.0118123733333333,2.9966930979571771,124.73228295347251,0.49892913181389004,0.29787268,95591,0,0.19660800000000006,150000000,44680902,253,253
5,0.14999999999999999,252.34636666666665,1.0093854666666666,2.4351567988924216,108.22919106188542,0.43291676424754166,0.29701258000000003,77224,0,0.19660800000000006,150000000,44551887,251,251
6,0.25,351.88988000000001,1.40755952,38.737393585601239,619.79829736961983,2.4791931894784791,0.26973486000000002,302771,0,0.32000000000000006,50000000,13486743,342,342
6,0.23999999999999999,344.85676000000001,1.3794270399999999,36.828082302396069,639.37642886104288,2.5575057154441714,0.32603342000000002,265141,0,0.25600000000000006,50000000,16301671,344,344
6,0.23000000000000001,337.89222000000001,1.3515688800000001,37.206963471588097,703.34524520960485,2.8133809808384194,0.31327423999999998,221987,0,0.25600000000000006,50000000,15663712,349,349
6,0.22,330.66827999999998,1.3226731199999999,36.911535174949677,762.63502427581977,3.050540097103279,0.30009800666666664,550807,0,0.25600000000000006,150000000,45014701,335,335
6,0.20999999999999999,322.57800666666668,1.2903120266666668,37.97758162660466,861.16965139693116,3.4446786055877245,0.28619437333333331,445687,0,0.25600000000000006,150000000,42929156,324,324
6,0.20499999999999999,318.00715333333335,1.2720286133333334,36.955768829822773,879.37581986490852,3.5175032794596341,0.27888877333333334,399143,0,0.25600000000000006,150000000,41833316,326,326
6,0.20300000000000001,315.12121333333334,1.2604848533333333,47.93124066114251,1163.1255468742872,4.6525021874971486,0.27546265333333331,381677,0,0.25600000000000006,150000000,41319398,307,307
6,0.20100000000000001,314.42803333333336,1.2577121333333334,41.08572746552818,1016.9482801299021,4.0677931205196085,0.27373148666666669,363137,0,0.25600000000000006,150000000,41059723,304,304
6,0.19900000000000001,312.63763333333333,1.2505505333333333,38.820977065552142,980.3029485505956,3.9212117942023825,0.27056625000000001,691872,0,0.25600000000000006,300000000,81169875,314,314
6,0.19700000000000001,308.98735666666664,1.2359494266666666,48.466843479473027,1248.8557674630376,4.9954230698521505,0.26623674000000003,660744,0,0.25600000000000006,300000000,79871022,305,305
6,0.19500000000000001,302.48734666666667,1.2099493866666666,101.43564655982482,2667.6041172866485,10.670416469146595,0.33210443333333334,649407,0,0.20480000000000007,300000000,99631330,311,311
6,0.193,305.16285666666664,1.2206514266666666,47.960587706125807,1287.5671214294559,5.1502684857178238,0.33098508333333332,610831,0,0.20480000000000007,300000000,99295525,312,312
6,0.191,290.00107666666668,1.1600043066666668,120.8516021741234,3312.7272326450316,13.250908930580126,0.31837743333333335,598226,0,0.20480000000000007,300000000,95513230,272,272
6,0.189,273.63741333333331,1.0945496533333332,64.079937575821532,1793.9009987352406,7.1756039949409622,0.30174049666666669,581932,0,0.20480000000000007,300000000,90522149,281,281
6,0.187,274.79301333333331,1.0991720533333331,58.648389853173285,1677.153760564308,6.7086150422572315,0.30210009999999998,547606,0,0.20480000000000007,300000000,90630030,268,268
6,0.185,266.18483333333336,1.0647393333333335,27.975389972212724,817.39634688715046,3.2695853875486018,0.29254501333333333,524221,0,0.20480000000000007,300000000,87763504,270,270
6,0.183,261.83872666666667,1.0473549066666668,24.169324245289317,721.70934471884254,2.8868373788753701,0.29209089333333332,491323,0,0.20480000000000007,300000000,87627268,256,256
6,0.18099999999999999,260.37735666666669,1.0415094266666667,17.060145279450808,520.74555964258752,2.08298223857035,0.29096082000000001,463097,0,0.20480000000000007,300000000,87288246,261,261
6,0.17899999999999999,259.37918000000002,1.0375167200000002,12.458395860929159,388.82668646200676,1.555306745848027,0.29016016,433625,0,0.20480000000000007,300000000,87048048,258,258
6,0.17699999999999999,258.48182333333335,1.0339272933333334,10.75325627544953,343.23649894505195,1.3729459957802077,0.28876360333333334,408884,0,0.20480000000000007,300000000,86629081,257,257
6,0.17499999999999999,257.85386666666665,1.0314154666666666,10.305891715557664,336.51891316106662,1.3460756526442665,0.28757383666666669,384769,0,0.20480000000000007,300000000,86272151,256,256
6,0.16500000000000001,254.95874666666666,1.0198349866666667,6.2782714958229917,230.60685016797029,0.92242740067188123,0.28255350000000001,136586,0,0.20480000000000007,150000000,42383025,258,258
6,0.155,253.29700666666668,1.0131880266666666,4.6789403732836945,194.7529811980726,0.77901192479229042,0.27920133333333336,92688,0,0.20480000000000007,150000000,41880200,255,255
6,0.14999999999999999,252.42615333333333,1.0097046133333334,3.7078666698216693,164.79407421429642,0.65917629685718571,0.27749432000000002,74829,0,0.20480000000000007,150000000,41624148,253,253
7,0.25,351.94412,1.4077764799999999,38.319317425601184,613.10907880961895,2.4524363152384758,0.2703412,303059,0,0.32000000000000006,50000000,13517060,356,356
7,0.23999999999999999,345.23597999999998,1.38094392,38.148573439611937,662.30162221548505,2.6492064888619402,0.25817614,256028,0,0.32000000000000006,50000000,12908807,346,346
7,0.23000000000000001,338.79097999999999,1.3551639199999999,37.801490639612894,714.58394403805084,2.8583357761522032,0.31407466000000001,222751,0,0.25600000000000006,50000000,15703733,344,344
7,0.22,330.6798,1.3227192000000001,35.342538626675378,730.2177402205657,2.9208709608822629,0.30100200666666665,550973,0,0.25600000000000006,150000000,45150301,335,335
7,0.20999999999999999,322.64187333333331,1.2905674933333333,36.089271957302117,818.35083803406178,3.2734033521362473,0.28611367999999998,444441,0,0.25600000000000006,150000000,42917052,326,326
7,0.20499999999999999,317.81437333333332,1.2712574933333334,42.735196073961561,1016.8993711829047,4.0675974847316185,0.27888910666666666,399096,0,0.25600000000000006,150000000,41833366,326,326
7,0.20300000000000001,316.12288000000001,1.26449152,37.371593838921399,906.87941563545337,3.6275176625418135,0.27642082000000001,380569,0,0.25600000000000006,150000000,41463123,313,313
7,0.20100000000000001,314.65616666666665,1.2586246666666665,36.662251972229569,907.45902260413266,3.6298360904165308,0.27324243999999998,361249,0,0.25600000000000006,150000000,40986366,313,313
7,0.19900000000000001,308.72118,1.2348847199999999,70.21037940759561,1772.9446076512108,7.091778430604843,0.26839502333333332,696785,0,0.25600000000000006,300000000,80518507,315,315
7,0.19700000000000001,309.31805666666668,1.2372722266666667,43.84435662344913,1129.7471365778331,4.5189885463113324,0.26745295333333335,660349,0,0.25600000000000006,300000000,80235886,309,309
7,0.19500000000000001,305.76248333333331,1.2230499333333333,62.443055833064136,1642.1579443277878,6.5686317773111513,0.26265157666666666,629869,0,0.25600000000000006,300000000,78795473,301,301
7,0.193,291.10442999999998,1.1644177199999999,106.5939043751132,2861.6581485439392,11.446632594175757,0.32043786333333335,629787,0,0.20480000000000007,300000000,96131359,299,299
7,0.191,287.30496333333332,1.1492198533333333,199.89169403199048,5479.3370256295193,21.917348102518076,0.31764600333333332,604641,0,0.20480000000000007,300000000,95293801,293,293
7,0.189,276.19688666666667,1.1047875466666668,87.34971564047737,2445.3323154580603,9.7813292618322407,0.30455912333333335,580235,0,0.20480000000000007,300000000,91367737,280,280
7,0.187,272.08620333333334,1.0883448133333333,66.308425651994185,1896.2059438929962,7.5848237755719845,0.29912190999999999,552160,0,0.20480000000000007,300000000,89736573,287,287
7,0.185,267.75546666666668,1.0710218666666667,33.556983448885148,980.48162012812713,3.9219264805125085,0.29432843333333331,524900,0,0.20480000000000007,300000000,88298530,272,272
7,0.183,264.43553666666668,1.0577421466666668,22.60183781197702,674.90333578121238,2.6996133431248497,0.28877913333333333,496881,0,0.20480000000000007,300000000,86633740,263,263
7,0.18099999999999999,264.16225333333335,1.0566490133333335,20.723860522470204,632.57716560758843,2.5303086624303539,0.28867222999999997,467643,0,0.20480000000000007,300000000,86601669,262,262
7,0.17899999999999999,262.83164666666664,1.0513265866666666,22.809150488494197,711.87386437671103,2.8474954575068443,0.28649539000000002,440101,0,0.20480000000000007,300000000,85948617,264,264
7,0.17699999999999999,261.55207666666666,1.0462083066666668,16.981374687456992,542.03372873238834,2.1681349149295532,0.28345381666666669,414992,0,0.20480000000000007,300000000,85036145,263,263
7,0.17499999999999999,259.66372333333334,1.0386548933333333,15.173181336780544,495.45081916018108,1.9818032766407243,0.28145572666666668,388572,0,0.20480000000000007,300000000,84436718,263,263
7,0.16500000000000001,257.06409333333335,1.0282563733333334,10.279385377943981,377.57154739922794,1.5102861895969117,0.27667020666666664,138993,0,0.20480000000000007,150000000,41500531,255,255
7,0.155,253.15061333333333,1.0126024533333333,4.4834356238279724,186.61542659013412,0.74646170636053644,0.26949600666666668,93420,0,0.20480000000000007,150000000,40424401,256,256
7,0.14999999999999999,252.48253333333332,1.0099301333333333,3.5077082488933229,155.89814439525881,0.62359257758103526,0.26871297333333333,75713,0,0.20480000000000007,150000000,40306946,251,251
8,0.25,351.76497999999998,1.40705992,41.382825599619537,662.12520959391259,2.6485008383756505,0.26983763999999999,302146,0,0.32000000000000006,50000000,13491882,370,370
8,0.23999999999999999,344.97575999999998,1.3799030399999999,37.753972422404331,655.45091011118632,2.6218036404447451,0.32628797999999998,264879,0,0.25600000000000006,50000000,16314399,345,345
8,0.23000000000000001,338.62858,1.35451432,37.400107183595537,706.99635507742028,2.8279854203096813,0.31405875999999999,222586,0,0.25600000000000006,50000000,15702938,342,342
8,0.22,331.50782666666669,1.3260313066666667,36.250072076611104,748.96843133494019,2.9958737253397607,0.30114142666666666,549430,0,0.25600000000000006,150000000,45171214,332,332
8,0.20999999999999999,323.13672000000003,1.2925468800000002,37.236107641583658,844.35618234883589,3.3774247293953437,0.28695232666666665,445753,0,0.25600000000000006,150000000,43042849,329,329
8,0.20499999999999999,317.59014000000002,1.2703605600000001,47.894648113724543,1139.6703893807151,4.5586815575228599,0.27919227333333335,400228,0,0.25600000000000006,150000000,41878841,311,311
8,0.20300000000000001,316.44198666666665,1.2657679466666667,41.622847786507918,1010.042655403138,4.0401706216125524,0.27683446666666667,380018,0,0.25600000000000006,150000000,41525170,322,322
8,0.20100000000000001,315.11385999999999,1.2604554399999999,37.693589233735111,932.98654077213689,3.7319461630885478,0.27432546000000002,363024,0,0.25600000000000006,150000000,41148819,303,303
8,0.19900000000000001,310.38294666666667,1.2415317866666666,58.218238517147256,1470.1204140589189,5.8804816562356752,0.26911036666666666,695325,0,0.25600000000000006,300000000,80733110,306,306
8,0.19700000000000001,309.51581666666669,1.2380632666666669,48.625629833040875,1252.9472502007491,5.0117890008029962,0.26649631666666668,658787,0,0.25600000000000006,300000000,79948895,308,308
8,0.19500000000000001,303.00035333333335,1.2120014133333334,100.81456654181238,2651.2706519871763,10.605082607948706,0.26048663,630718,0,0.25600000000000006,300000000,78145989,306,306
8,0.193,297.56049000000002,1.19024196,174.25586095989274,4678.1352777226966,18.712541110890786,0.25476827333333335,602930,0,0.25600000000000006,300000000,76430482,312,312
8,0.191,294.65005666666667,1.1786002266666666,135.4270296634495,3712.2619901715825,14.849047960686329,0.32159771666666664,593506,0,0.20480000000000007,300000000,96479315,288,288
8,0.189,282.29532666666665,1.1291813066666667,271.06440882662719,7588.3768323010881,30.353507329204351,0.31073909,568641,0,0.20480000000000007,300000000,93221727,315,315
8,0.187,293.44811666666669,1.1737924666666668,105.7282347863802,3023.4846517309675,12.093938606923869,0.31918766333333332,533505,0,0.20480000000000007,300000000,95756299,278,278
8,0.185,267.03652333333332,1.0681460933333333,27.887522712786449,814.82900548682107,3.2593160219472841,0.29347781333333334,522810,0,0.20480000000000007,300000000,88043344,270,270
8,0.183,266.41310333333331,1.0656524133333332,32.422228969327989,968.14562899244504,3.8725825159697802,0.28993380333333335,495246,0,0.20480000000000007,300000000,86980141,271,271
8,0.18099999999999999,264.75635333333332,1.0590254133333332,27.21860296849627,830.82332555466166,3.3232933022186466,0.28931632333333335,468075,0,0.20480000000000007,300000000,86794897,262,262
8,0.17899999999999999,263.22370000000001,1.0528948,19.290911643329309,602.06958719544673,2.4082783487817867,0.28722193000000001,441417,0,0.20480000000000007,300000000,86166579,269,269
8,0.17699999999999999,261.58140666666668,1.0463256266666667,17.0428196212888,543.99500849975425,2.175980033999017,0.28487072000000002,414820,0,0.20480000000000007,300000000,85461216,256,256
8,0.17499999999999999,261.49792333333335,1.0459916933333333,17.007669020778849,555.35245782135019,2.2214098312854009,0.28405487666666668,389036,0,0.20480000000000007,300000000,85216463,252,252
8,0.16500000000000001,255.79331999999999,1.02317328,7.9403233776029083,291.65558779074041,1.1666223511629616,0.27407518666666669,138943,0,0.20480000000000007,150000000,41111278,255,255
8,0.155,253.20190666666667,1.0128076266666668,4.6860736979506328,195.04989377526047,0.78019957510104188,0.26957322666666667,94102,0,0.20480000000000007,150000000,40435984,249,249
8,0.14999999999999999,252.54942666666668,1.0101977066666668,4.0225170046178391,178.77853353857063,0.71511413415428249,0.34433789999999997,77232,0,0.16384000000000007,150000000,51650685,257,257
9,0.25,351.95062000000001,1.40780248,38.853861615600181,621.66178584960289,2.4866471433984114,0.27047926,303219,0,0.32000000000000006,50000000,13523963,359,359
9,0.23999999999999999,344.45017999999999,1.37780072,36.828957967605675,639.39163138204299,2.5575665255281721,0.2573452,255127,0,0.32000000000000006,50000000,12867260,335,335
9,0.23000000000000001,338.27242000000001,1.3530896800000001,36.711367343596066,693.97669836665534,2.7759067934666213,0.31364414000000002,222584,0,0.25600000000000006,50000000,15682207,337,337
9,0.22,330.79093333333333,1.3231637333333333,38.498691128901555,795.42750266325527,3.1817100106530209,0.30067695333333333,551491,0,0.25600000000000006,150000000,45101543,337,337
9,0.20999999999999999,322.77872666666667,1.2911149066666667,38.58261811194825,874.88929959066343,3.4995571983626537,0.28660138000000002,445779,0,0.25600000000000006,150000000,42990207,324,324
9,0.20499999999999999,317.88883333333331,1.2715553333333331,36.992915305570932,880.25973362453158,3.5210389344981263,0.27868759333333332,399350,0,0.25600000000000006,150000000,41803139,322,322
9,0.20300000000000001,316.63391999999999,1.2665356800000001,40.655558766942704,986.56989412367932,3.9462795764947174,0.27674466666666669,380515,0,0.25600000000000006,150000000,41511700,310,310
9,0.20100000000000001,314.67286000000001,1.25869144,38.192306087061297,945.33071179082924,3.7813228471633171,0.27336678666666664,363289,0,0.25600000000000006,150000000,41005018,326,326
9,0.19900000000000001,312.17219,1.2486887600000001,44.039793937234208,1112.0879254875938,4.4483517019503749,0.27001842999999998,691688,0,0.25600000000000006,300000000,81005529,327,327
9,0.19700000000000001,309.28793333333334,1.2371517333333333,55.718554395556566,1435.7121903567875,5.7428487614271502,0.26698715000000001,658858,0,0.25600000000000006,300000000,80096145,300,300
9,0.19500000000000001,299.79784999999998,1.1991913999999999,169.95273204418481,4469.4998565203105,17.877999426081242,0.32911661666666664,651484,0,0.20480000000000007,300000000,98734985,297,297
9,0.193,297.85890666666666,1.1914356266666666,197.97173933796876,5314.82024585811,21.25928098343244,0.32562492333333332,619490,0,0.20480000000000007,300000000,97687477,308,308
9,0.191,298.22955000000002,1.1929182,121.63921013083018,3334.3167712187214,13.337267084874886,0.32390303333333331,586097,0,0.20480000000000007,300000000,97170910,279,279
9,0.189,278.45278999999999,1.11381116,84.479411215914297,2364.9788980127737,9.4599155920510949,0.30649992333333331,578208,0,0.20480000000000007,300000000,91949977,274,274
9,0.187,270.06099999999998,1.080244,36.447085666673956,1042.2684568238712,4.1690738272954846,0.29820804000000001,553810,0,0.20480000000000007,300000000,89462412,260,260
9,0.185,265.78085333333331,1.0631234133333332,28.176861405168893,823.28302133437239,3.2931320853374895,0.29205279000000001,525891,0,0.20480000000000007,300000000,87615837,273,273
9,0.183,265.40435333333335,1.0616174133333334,23.270225048487191,694.86174709567899,2.7794469883827158,0.29117389666666665,497025,0,0.20480000000000007,300000000,87352169,264,264
9,0.18099999999999999,264.57373000000001,1.05829492,27.771910553754424,847.71254094058258,3.3908501637623303,0.28877707333333336,468224,0,0.20480000000000007,300000000,86633122,263,263
9,0.17899999999999999,262.71647999999999,1.0508659199999999,18.717003076264518,584.15789383179424,2.3366315753271771,0.28579272666666666,440927,0,0.20480000000000007,300000000,85737818,266,266
9,0.17699999999999999,262.78363666666667,1.0511345466666666,21.582430241323891,688.89623803261816,2.7555849521304725,0.28339028999999999,415201,0,0.20480000000000007,300000000,85017087,264,264
9,0.17499999999999999,259.94726000000003,1.0397890400000001,19.144325159053551,625.12082152011601,2.5004832860804642,0.28551122666666667,386574,0,0.20480000000000007,300000000,85653368,253,253
9,0.16500000000000001,254.62522666666666,1.0185009066666666,5.8651982819574187,215.43428032901443,0.86173712131605773,0.28081200000000001,136803,0,0.20480000000000007,150000000,42121800,250,250
9,0.155,252.88025999999999,1.0115210399999999,3.5147089990641689,146.29381889965322,0.58517527559861282,0.27797549333333332,92515,0,0.20480000000000007,150000000,41696324,252,252
9,0.14999999999999999,252.37960666666666,1.0095184266666666,3.3185587786283577,147.49150127237147,0.58996600508948582,0.27676272666666668,74598,0,0.20480000000000007,150000000,41514409,253,253
